2026-04-05 22:11:11,671 | INFO | [L7_APPLICATION] | API_REQUEST_IN | Method: GET | Path: /api/v1/students/
2026-04-05 22:11:11,672 | INFO | [L6_PRESENTATION] | DE-ENCAPSULATION | Received Data PDU (Size: 0 bytes)
2026-04-05 22:11:11,673 | INFO | [L7_APPLICATION] | API_REQUEST_IN | Method: GET | Path: /api/v1/taxis/
2026-04-05 22:11:11,674 | INFO | [L6_PRESENTATION] | DE-ENCAPSULATION | Received Data PDU (Size: 0 bytes)
2026-04-05 22:11:11,675 | INFO | [L7_APPLICATION] | API_REQUEST_IN | Method: GET | Path: /api/v1/bicycles/
2026-04-05 22:11:11,675 | INFO | [L6_PRESENTATION] | DE-ENCAPSULATION | Received Data PDU (Size: 0 bytes)
2026-04-05 22:11:11,676 | INFO | [L7_APPLICATION] | API_REQUEST_IN | Method: GET | Path: /api/v1/students/
2026-04-05 22:11:11,677 | INFO | [L6_PRESENTATION] | DE-ENCAPSULATION | Received Data PDU (Size: 0 bytes)
2026-04-05 22:11:11,677 | INFO | [L7_APPLICATION] | API_REQUEST_IN | Method: GET | Path: /api/v1/bicycles/
2026-04-05 22:11:11,678 | INFO | [L6_PRESENTATION] | DE-ENCAPSULATION | Received Data PDU (Size: 0 bytes)
2026-04-05 22:11:11,679 | INFO | [L7_APPLICATION] | API_REQUEST_IN | Method: GET | Path: /api/v1/taxis/
2026-04-05 22:11:11,680 | INFO | [L6_PRESENTATION] | DE-ENCAPSULATION | Received Data PDU (Size: 0 bytes)
2026-04-05 22:11:11,681 | INFO | [L7_APPLICATION] | API_REQUEST_IN | Method: GET | Path: /api/v1/bicycles/
2026-04-05 22:11:11,681 | INFO | [L6_PRESENTATION] | DE-ENCAPSULATION | Received Data PDU (Size: 0 bytes)
2026-04-05 22:11:11,682 | INFO | [L7_APPLICATION] | API_REQUEST_IN | Method: GET | Path: /api/v1/students/
2026-04-05 22:11:11,683 | INFO | [L6_PRESENTATION] | DE-ENCAPSULATION | Received Data PDU (Size: 0 bytes)
2026-04-05 22:11:11,684 | INFO | [L7_APPLICATION] | API_REQUEST_IN | Method: GET | Path: /api/v1/buses/
2026-04-05 22:11:11,685 | INFO | [L6_PRESENTATION] | DE-ENCAPSULATION | Received Data PDU (Size: 0 bytes)
2026-04-05 22:11:11,686 | INFO | [L7_APPLICATION] | API_REQUEST_IN | Method: GET | Path: /api/v1/drivers/
2026-04-05 22:11:11,687 | INFO | [L6_PRESENTATION] | DE-ENCAPSULATION | Received Data PDU (Size: 0 bytes)
2026-04-05 22:11:11,688 | INFO | [L7_APPLICATION] | API_REQUEST_IN | Method: GET | Path: /api/v1/drivers/
2026-04-05 22:11:11,689 | INFO | [L6_PRESENTATION] | DE-ENCAPSULATION | Received Data PDU (Size: 0 bytes)
2026-04-05 22:11:11,693 | INFO | [L7_APPLICATION] | API_REQUEST_IN | Method: GET | Path: /api/v1/buses/
2026-04-05 22:11:11,698 | INFO | [L6_PRESENTATION] | DE-ENCAPSULATION | Received Data PDU (Size: 0 bytes)
2026-04-05 22:11:11,699 | INFO | [L7_APPLICATION] | API_REQUEST_IN | Method: GET | Path: /api/v1/taxis/
2026-04-05 22:11:11,700 | INFO | [L6_PRESENTATION] | DE-ENCAPSULATION | Received Data PDU (Size: 0 bytes)
2026-04-05 22:11:11,703 | INFO | [L7_APPLICATION] | API_REQUEST_IN | Method: GET | Path: /api/v1/drivers/
2026-04-05 22:11:11,706 | INFO | [L6_PRESENTATION] | DE-ENCAPSULATION | Received Data PDU (Size: 0 bytes)
2026-04-05 22:11:11,707 | INFO | [L7_APPLICATION] | API_REQUEST_IN | Method: GET | Path: /api/v1/students/
2026-04-05 22:11:11,708 | INFO | [L6_PRESENTATION] | DE-ENCAPSULATION | Received Data PDU (Size: 0 bytes)
2026-04-05 22:11:11,709 | INFO | [L7_APPLICATION] | API_REQUEST_IN | Method: GET | Path: /api/v1/drivers/
2026-04-05 22:11:11,712 | INFO | [L6_PRESENTATION] | DE-ENCAPSULATION | Received Data PDU (Size: 0 bytes)
2026-04-05 22:11:11,718 | INFO | [L7_APPLICATION] | API_REQUEST_IN | Method: GET | Path: /api/v1/drivers/
2026-04-05 22:11:11,719 | INFO | [L6_PRESENTATION] | DE-ENCAPSULATION | Received Data PDU (Size: 0 bytes)
2026-04-05 22:11:11,721 | INFO | [L7_APPLICATION] | API_REQUEST_IN | Method: GET | Path: /api/v1/taxis/
2026-04-05 22:11:11,722 | INFO | [L6_PRESENTATION] | DE-ENCAPSULATION | Received Data PDU (Size: 0 bytes)
2026-04-05 22:11:11,724 | INFO | [L7_APPLICATION] | API_REQUEST_IN | Method: GET | Path: /api/v1/taxis/
2026-04-05 22:11:11,725 | INFO | [L6_PRESENTATION] | DE-ENCAPSULATION | Received Data PDU (Size: 0 bytes)
2026-04-05 22:11:11,727 | INFO | [L7_APPLICATION] | API_REQUEST_IN | Method: GET | Path: /api/v1/bicycles/
2026-04-05 22:11:11,728 | INFO | [L6_PRESENTATION] | DE-ENCAPSULATION | Received Data PDU (Size: 0 bytes)
2026-04-05 22:11:11,729 | INFO | [L7_APPLICATION] | API_REQUEST_IN | Method: GET | Path: /api/v1/students/
2026-04-05 22:11:11,730 | INFO | [L6_PRESENTATION] | DE-ENCAPSULATION | Received Data PDU (Size: 0 bytes)
2026-04-05 22:11:11,731 | INFO | [L7_APPLICATION] | API_REQUEST_IN | Method: GET | Path: /api/v1/drivers/
2026-04-05 22:11:11,732 | INFO | [L6_PRESENTATION] | DE-ENCAPSULATION | Received Data PDU (Size: 0 bytes)
2026-04-05 22:11:11,734 | INFO | [L7_APPLICATION] | API_REQUEST_IN | Method: GET | Path: /api/v1/buses/
2026-04-05 22:11:11,737 | INFO | [L6_PRESENTATION] | DE-ENCAPSULATION | Received Data PDU (Size: 0 bytes)
2026-04-05 22:11:11,744 | INFO | [L7_APPLICATION] | API_REQUEST_IN | Method: GET | Path: /api/v1/buses/
2026-04-05 22:11:11,750 | INFO | [L6_PRESENTATION] | DE-ENCAPSULATION | Received Data PDU (Size: 0 bytes)
2026-04-05 22:11:11,775 | INFO | [DATABASE_LAYER] | ENDPOINT_CALL | GET /students/ - skip: 0, limit: 100
2026-04-05 22:11:11,776 | INFO | [DATABASE_LAYER] | SQL_QUERY | SELECT students OFFSET 0 LIMIT 100
2026-04-05 22:11:11,808 | INFO | [DATABASE_LAYER] | ENDPOINT_CALL | GET /taxis/ - skip: 0, limit: 100
2026-04-05 22:11:11,809 | INFO | [DATABASE_LAYER] | SQL_QUERY | SELECT taxis OFFSET 0 LIMIT 100
2026-04-05 22:11:11,819 | INFO | [DATABASE_LAYER] | ENDPOINT_CALL | GET /bicycles/ - skip: 0, limit: 100
2026-04-05 22:11:11,826 | INFO | [DATABASE_LAYER] | SQL_QUERY | SELECT bicycles OFFSET 0 LIMIT 100
2026-04-05 22:11:11,831 | INFO | [DATABASE_LAYER] | ENDPOINT_CALL | GET /students/ - skip: 0, limit: 100
2026-04-05 22:11:11,833 | INFO | [DATABASE_LAYER] | SQL_QUERY | SELECT students OFFSET 0 LIMIT 100
2026-04-05 22:11:11,852 | INFO | [DATABASE_LAYER] | ENDPOINT_CALL | GET /bicycles/ - skip: 0, limit: 100
2026-04-05 22:11:11,856 | INFO | [DATABASE_LAYER] | SQL_QUERY | SELECT bicycles OFFSET 0 LIMIT 100
2026-04-05 22:11:11,872 | INFO | [DATABASE_LAYER] | ENDPOINT_CALL | GET /taxis/ - skip: 0, limit: 100
2026-04-05 22:11:11,874 | INFO | [DATABASE_LAYER] | SQL_QUERY | SELECT taxis OFFSET 0 LIMIT 100
2026-04-05 22:11:11,889 | INFO | [DATABASE_LAYER] | ENDPOINT_CALL | GET /bicycles/ - skip: 0, limit: 100
2026-04-05 22:11:11,890 | INFO | [DATABASE_LAYER] | SQL_QUERY | SELECT bicycles OFFSET 0 LIMIT 100
2026-04-05 22:11:11,895 | INFO | [DATABASE_LAYER] | ENDPOINT_CALL | GET /students/ - skip: 0, limit: 100
2026-04-05 22:11:11,896 | INFO | [DATABASE_LAYER] | SQL_QUERY | SELECT students OFFSET 0 LIMIT 100
2026-04-05 22:11:11,909 | INFO | [DATABASE_LAYER] | ENDPOINT_CALL | GET /buses/ - skip: 0, limit: 100
2026-04-05 22:11:11,914 | INFO | [DATABASE_LAYER] | SQL_QUERY | SELECT buses OFFSET 0 LIMIT 100
2026-04-05 22:11:11,923 | INFO | [DATABASE_LAYER] | ENDPOINT_CALL | GET /drivers/ - skip: 0, limit: 100
2026-04-05 22:11:11,924 | INFO | [DATABASE_LAYER] | SQL_QUERY | SELECT drivers OFFSET 0 LIMIT 100
2026-04-05 22:11:11,937 | INFO | [DATABASE_LAYER] | ENDPOINT_CALL | GET /drivers/ - skip: 0, limit: 100
2026-04-05 22:11:11,939 | INFO | [DATABASE_LAYER] | SQL_QUERY | SELECT drivers OFFSET 0 LIMIT 100
2026-04-05 22:11:11,943 | INFO | [DATABASE_LAYER] | ENDPOINT_CALL | GET /buses/ - skip: 0, limit: 100
2026-04-05 22:11:11,946 | INFO | [DATABASE_LAYER] | SQL_QUERY | SELECT buses OFFSET 0 LIMIT 100
2026-04-05 22:11:11,967 | INFO | [DATABASE_LAYER] | ENDPOINT_CALL | GET /taxis/ - skip: 0, limit: 100
2026-04-05 22:11:11,969 | INFO | [DATABASE_LAYER] | SQL_QUERY | SELECT taxis OFFSET 0 LIMIT 100
2026-04-05 22:11:11,978 | INFO | [DATABASE_LAYER] | ENDPOINT_CALL | GET /drivers/ - skip: 0, limit: 100
2026-04-05 22:11:11,979 | INFO | [DATABASE_LAYER] | SQL_QUERY | SELECT drivers OFFSET 0 LIMIT 100
2026-04-05 22:11:11,987 | INFO | [DATABASE_LAYER] | ENDPOINT_CALL | GET /students/ - skip: 0, limit: 100
2026-04-05 22:11:11,993 | INFO | [DATABASE_LAYER] | SQL_QUERY | SELECT students OFFSET 0 LIMIT 100
2026-04-05 22:11:12,008 | INFO | [DATABASE_LAYER] | ENDPOINT_CALL | GET /drivers/ - skip: 0, limit: 100
2026-04-05 22:11:12,009 | INFO | [DATABASE_LAYER] | SQL_QUERY | SELECT drivers OFFSET 0 LIMIT 100
2026-04-05 22:11:12,012 | INFO | [DATABASE_LAYER] | ENDPOINT_CALL | GET /drivers/ - skip: 0, limit: 100
2026-04-05 22:11:12,016 | INFO | [DATABASE_LAYER] | SQL_QUERY | SELECT drivers OFFSET 0 LIMIT 100
2026-04-05 22:11:12,023 | INFO | [DATABASE_LAYER] | ENDPOINT_CALL | GET /taxis/ - skip: 0, limit: 100
2026-04-05 22:11:12,024 | INFO | [DATABASE_LAYER] | SQL_QUERY | SELECT taxis OFFSET 0 LIMIT 100
2026-04-05 22:11:12,026 | INFO | [DATABASE_LAYER] | ENDPOINT_CALL | GET /taxis/ - skip: 0, limit: 100
2026-04-05 22:11:12,027 | INFO | [DATABASE_LAYER] | SQL_QUERY | SELECT taxis OFFSET 0 LIMIT 100
2026-04-05 22:11:12,029 | INFO | [DATABASE_LAYER] | ENDPOINT_CALL | GET /bicycles/ - skip: 0, limit: 100
2026-04-05 22:11:12,030 | INFO | [DATABASE_LAYER] | SQL_QUERY | SELECT bicycles OFFSET 0 LIMIT 100
2026-04-05 22:11:12,039 | INFO | [DATABASE_LAYER] | ENDPOINT_CALL | GET /students/ - skip: 0, limit: 100
2026-04-05 22:11:12,042 | INFO | [DATABASE_LAYER] | SQL_QUERY | SELECT students OFFSET 0 LIMIT 100
2026-04-05 22:11:12,045 | INFO | [DATABASE_LAYER] | ENDPOINT_CALL | GET /drivers/ - skip: 0, limit: 100
2026-04-05 22:11:12,045 | INFO | [DATABASE_LAYER] | SQL_QUERY | SELECT drivers OFFSET 0 LIMIT 100
2026-04-05 22:11:12,047 | INFO | [DATABASE_LAYER] | ENDPOINT_CALL | GET /buses/ - skip: 0, limit: 100
2026-04-05 22:11:12,047 | INFO | [DATABASE_LAYER] | SQL_QUERY | SELECT buses OFFSET 0 LIMIT 100
2026-04-05 22:11:12,050 | INFO | [DATABASE_LAYER] | ENDPOINT_CALL | GET /buses/ - skip: 0, limit: 100
2026-04-05 22:11:12,050 | INFO | [DATABASE_LAYER] | SQL_QUERY | SELECT buses OFFSET 0 LIMIT 100
2026-04-05 22:11:12,075 | INFO | [L4_TRANSPORT] | SEGMENT_COMPLETE | Total RTT (Processing): 404.41ms | Status: 200
2026-04-05 22:11:12,102 | INFO | [L7_APPLICATION] | API_REQUEST_IN | Method: GET | Path: /api/v1/drivers/
2026-04-05 22:11:12,125 | INFO | [L6_PRESENTATION] | DE-ENCAPSULATION | Received Data PDU (Size: 0 bytes)
2026-04-05 22:11:12,145 | INFO | [DATABASE_LAYER] | ENDPOINT_CALL | GET /drivers/ - skip: 0, limit: 100
2026-04-05 22:11:12,224 | INFO | [DATABASE_LAYER] | SQL_QUERY | SELECT drivers OFFSET 0 LIMIT 100
2026-04-05 22:11:12,637 | INFO | [L4_TRANSPORT] | SEGMENT_COMPLETE | Total RTT (Processing): 927.94ms | Status: 200
2026-04-05 22:11:13,343 | INFO | [L4_TRANSPORT] | SEGMENT_COMPLETE | Total RTT (Processing): 1656.64ms | Status: 200
2026-04-05 22:11:13,345 | INFO | [L4_TRANSPORT] | SEGMENT_COMPLETE | Total RTT (Processing): 1670.27ms | Status: 200
2026-04-05 22:11:13,349 | INFO | [L4_TRANSPORT] | SEGMENT_COMPLETE | Total RTT (Processing): 1670.26ms | Status: 200
2026-04-05 22:11:13,350 | INFO | [L4_TRANSPORT] | SEGMENT_COMPLETE | Total RTT (Processing): 1669.27ms | Status: 200
2026-04-05 22:11:13,351 | INFO | [L4_TRANSPORT] | SEGMENT_COMPLETE | Total RTT (Processing): 1678.87ms | Status: 200
2026-04-05 22:11:13,351 | INFO | [L4_TRANSPORT] | SEGMENT_COMPLETE | Total RTT (Processing): 1667.26ms | Status: 200
2026-04-05 22:11:13,357 | INFO | [L4_TRANSPORT] | SEGMENT_COMPLETE | Total RTT (Processing): 1679.27ms | Status: 200
2026-04-05 22:11:13,358 | INFO | [L4_TRANSPORT] | SEGMENT_COMPLETE | Total RTT (Processing): 1676.27ms | Status: 200
2026-04-05 22:11:13,359 | INFO | [L4_TRANSPORT] | SEGMENT_COMPLETE | Total RTT (Processing): 1657.37ms | Status: 200
2026-04-05 22:11:13,360 | INFO | [L4_TRANSPORT] | SEGMENT_COMPLETE | Total RTT (Processing): 1684.27ms | Status: 200
2026-04-05 22:11:13,361 | INFO | [L4_TRANSPORT] | SEGMENT_COMPLETE | Total RTT (Processing): 1662.41ms | Status: 200
2026-04-05 22:11:13,362 | INFO | [L4_TRANSPORT] | SEGMENT_COMPLETE | Total RTT (Processing): 1669.39ms | Status: 200
2026-04-05 22:11:13,363 | INFO | [L4_TRANSPORT] | SEGMENT_COMPLETE | Total RTT (Processing): 1656.31ms | Status: 200
2026-04-05 22:11:13,364 | INFO | [L4_TRANSPORT] | SEGMENT_COMPLETE | Total RTT (Processing): 1676.27ms | Status: 200
2026-04-05 22:11:13,365 | INFO | [L4_TRANSPORT] | SEGMENT_COMPLETE | Total RTT (Processing): 1647.27ms | Status: 200
2026-04-05 22:11:13,380 | INFO | [L7_APPLICATION] | API_REQUEST_IN | Method: GET | Path: /api/v1/buses/
2026-04-05 22:11:13,382 | INFO | [L6_PRESENTATION] | DE-ENCAPSULATION | Received Data PDU (Size: 0 bytes)
2026-04-05 22:11:13,392 | INFO | [DATABASE_LAYER] | ENDPOINT_CALL | GET /buses/ - skip: 0, limit: 100
2026-04-05 22:11:13,392 | INFO | [DATABASE_LAYER] | SQL_QUERY | SELECT buses OFFSET 0 LIMIT 100
2026-04-05 22:11:13,395 | INFO | [L7_APPLICATION] | API_REQUEST_IN | Method: GET | Path: /api/v1/taxis/
2026-04-05 22:11:13,396 | INFO | [L6_PRESENTATION] | DE-ENCAPSULATION | Received Data PDU (Size: 0 bytes)
2026-04-05 22:11:13,413 | INFO | [DATABASE_LAYER] | ENDPOINT_CALL | GET /taxis/ - skip: 0, limit: 100
2026-04-05 22:11:13,415 | INFO | [DATABASE_LAYER] | SQL_QUERY | SELECT taxis OFFSET 0 LIMIT 100
2026-04-05 22:11:13,437 | INFO | [L4_TRANSPORT] | SEGMENT_COMPLETE | Total RTT (Processing): 1703.29ms | Status: 200
2026-04-05 22:11:13,467 | INFO | [L4_TRANSPORT] | SEGMENT_COMPLETE | Total RTT (Processing): 1745.41ms | Status: 200
2026-04-05 22:11:13,471 | INFO | [L4_TRANSPORT] | SEGMENT_COMPLETE | Total RTT (Processing): 1747.51ms | Status: 200
2026-04-05 22:11:13,472 | INFO | [L4_TRANSPORT] | SEGMENT_COMPLETE | Total RTT (Processing): 1741.46ms | Status: 200
2026-04-05 22:11:13,474 | INFO | [L4_TRANSPORT] | SEGMENT_COMPLETE | Total RTT (Processing): 1745.04ms | Status: 200
2026-04-05 22:11:13,475 | INFO | [L4_TRANSPORT] | SEGMENT_COMPLETE | Total RTT (Processing): 1748.03ms | Status: 200
2026-04-05 22:11:13,484 | INFO | [L4_TRANSPORT] | SEGMENT_COMPLETE | Total RTT (Processing): 1739.67ms | Status: 200
2026-04-05 22:11:13,485 | INFO | [L4_TRANSPORT] | SEGMENT_COMPLETE | Total RTT (Processing): 104.51ms | Status: 200
2026-04-05 22:11:13,487 | INFO | [L4_TRANSPORT] | SEGMENT_COMPLETE | Total RTT (Processing): 1384.87ms | Status: 200
2026-04-05 22:11:13,491 | INFO | [L7_APPLICATION] | API_REQUEST_IN | Method: GET | Path: /api/v1/bicycles/
2026-04-05 22:11:13,492 | INFO | [L6_PRESENTATION] | DE-ENCAPSULATION | Received Data PDU (Size: 0 bytes)
2026-04-05 22:11:13,498 | INFO | [DATABASE_LAYER] | ENDPOINT_CALL | GET /bicycles/ - skip: 0, limit: 100
2026-04-05 22:11:13,499 | INFO | [DATABASE_LAYER] | SQL_QUERY | SELECT bicycles OFFSET 0 LIMIT 100
2026-04-05 22:11:13,501 | INFO | [L4_TRANSPORT] | SEGMENT_COMPLETE | Total RTT (Processing): 106.10ms | Status: 200
2026-04-05 22:11:13,518 | INFO | [L4_TRANSPORT] | SEGMENT_COMPLETE | Total RTT (Processing): 27.34ms | Status: 200
2026-04-05 22:25:25,522 | INFO | [L7_APPLICATION] | API_REQUEST_IN | Method: GET | Path: /api/v1/students/
2026-04-05 22:25:25,524 | INFO | [L6_PRESENTATION] | DE-ENCAPSULATION | Received Data PDU (Size: 0 bytes)
2026-04-05 22:25:25,537 | INFO | [DATABASE_LAYER] | ENDPOINT_CALL | GET /students/ - skip: 0, limit: 100
2026-04-05 22:25:25,539 | INFO | [DATABASE_LAYER] | SQL_QUERY | SELECT students OFFSET 0 LIMIT 100
2026-04-05 22:25:25,544 | INFO | [L7_APPLICATION] | API_REQUEST_IN | Method: GET | Path: /api/v1/taxis/
2026-04-05 22:25:25,555 | INFO | [L6_PRESENTATION] | DE-ENCAPSULATION | Received Data PDU (Size: 0 bytes)
2026-04-05 22:25:25,557 | INFO | [L7_APPLICATION] | API_REQUEST_IN | Method: GET | Path: /api/v1/buses/
2026-04-05 22:25:25,559 | INFO | [L6_PRESENTATION] | DE-ENCAPSULATION | Received Data PDU (Size: 0 bytes)
2026-04-05 22:25:25,577 | INFO | [DATABASE_LAYER] | ENDPOINT_CALL | GET /taxis/ - skip: 0, limit: 100
2026-04-05 22:25:25,589 | INFO | [DATABASE_LAYER] | SQL_QUERY | SELECT taxis OFFSET 0 LIMIT 100
2026-04-05 22:25:25,606 | INFO | [DATABASE_LAYER] | ENDPOINT_CALL | GET /buses/ - skip: 0, limit: 100
2026-04-05 22:25:25,608 | INFO | [DATABASE_LAYER] | SQL_QUERY | SELECT buses OFFSET 0 LIMIT 100
2026-04-05 22:25:25,647 | INFO | [L7_APPLICATION] | API_REQUEST_IN | Method: GET | Path: /api/v1/drivers/
2026-04-05 22:25:25,650 | INFO | [L6_PRESENTATION] | DE-ENCAPSULATION | Received Data PDU (Size: 0 bytes)
2026-04-05 22:25:25,659 | INFO | [DATABASE_LAYER] | ENDPOINT_CALL | GET /drivers/ - skip: 0, limit: 100
2026-04-05 22:25:25,660 | INFO | [DATABASE_LAYER] | SQL_QUERY | SELECT drivers OFFSET 0 LIMIT 100
2026-04-05 22:25:25,717 | INFO | [L7_APPLICATION] | API_REQUEST_IN | Method: GET | Path: /api/v1/bicycles/
2026-04-05 22:25:25,764 | INFO | [L6_PRESENTATION] | DE-ENCAPSULATION | Received Data PDU (Size: 0 bytes)
2026-04-05 22:25:25,795 | INFO | [DATABASE_LAYER] | ENDPOINT_CALL | GET /bicycles/ - skip: 0, limit: 100
2026-04-05 22:25:25,797 | INFO | [DATABASE_LAYER] | SQL_QUERY | SELECT bicycles OFFSET 0 LIMIT 100
2026-04-05 22:25:25,827 | INFO | [L4_TRANSPORT] | SEGMENT_COMPLETE | Total RTT (Processing): 283.08ms | Status: 200
2026-04-05 22:25:25,846 | INFO | [L4_TRANSPORT] | SEGMENT_COMPLETE | Total RTT (Processing): 324.60ms | Status: 200
2026-04-05 22:25:25,870 | INFO | [L4_TRANSPORT] | SEGMENT_COMPLETE | Total RTT (Processing): 223.20ms | Status: 200
2026-04-05 22:25:25,920 | INFO | [L4_TRANSPORT] | SEGMENT_COMPLETE | Total RTT (Processing): 362.42ms | Status: 200
2026-04-05 22:25:26,002 | INFO | [L4_TRANSPORT] | SEGMENT_COMPLETE | Total RTT (Processing): 284.37ms | Status: 200
2026-04-05 22:25:29,727 | INFO | [L7_APPLICATION] | API_REQUEST_IN | Method: GET | Path: /api/v1/students/
2026-04-05 22:25:29,729 | INFO | [L6_PRESENTATION] | DE-ENCAPSULATION | Received Data PDU (Size: 0 bytes)
2026-04-05 22:25:29,730 | INFO | [DATABASE_LAYER] | ENDPOINT_CALL | GET /students/ - skip: 0, limit: 100
2026-04-05 22:25:29,731 | INFO | [DATABASE_LAYER] | SQL_QUERY | SELECT students OFFSET 0 LIMIT 100
2026-04-05 22:25:29,735 | INFO | [L7_APPLICATION] | API_REQUEST_IN | Method: GET | Path: /api/v1/taxis/
2026-04-05 22:25:29,736 | INFO | [L6_PRESENTATION] | DE-ENCAPSULATION | Received Data PDU (Size: 0 bytes)
2026-04-05 22:25:29,737 | INFO | [L7_APPLICATION] | API_REQUEST_IN | Method: GET | Path: /api/v1/buses/
2026-04-05 22:25:29,738 | INFO | [L6_PRESENTATION] | DE-ENCAPSULATION | Received Data PDU (Size: 0 bytes)
2026-04-05 22:25:29,739 | INFO | [L7_APPLICATION] | API_REQUEST_IN | Method: GET | Path: /api/v1/drivers/
2026-04-05 22:25:29,740 | INFO | [L6_PRESENTATION] | DE-ENCAPSULATION | Received Data PDU (Size: 0 bytes)
2026-04-05 22:25:29,742 | INFO | [DATABASE_LAYER] | ENDPOINT_CALL | GET /taxis/ - skip: 0, limit: 100
2026-04-05 22:25:29,743 | INFO | [DATABASE_LAYER] | SQL_QUERY | SELECT taxis OFFSET 0 LIMIT 100
2026-04-05 22:25:29,746 | INFO | [DATABASE_LAYER] | ENDPOINT_CALL | GET /buses/ - skip: 0, limit: 100
2026-04-05 22:25:29,747 | INFO | [DATABASE_LAYER] | SQL_QUERY | SELECT buses OFFSET 0 LIMIT 100
2026-04-05 22:25:29,748 | INFO | [DATABASE_LAYER] | ENDPOINT_CALL | GET /drivers/ - skip: 0, limit: 100
2026-04-05 22:25:29,749 | INFO | [DATABASE_LAYER] | SQL_QUERY | SELECT drivers OFFSET 0 LIMIT 100
2026-04-05 22:25:29,751 | INFO | [L7_APPLICATION] | API_REQUEST_IN | Method: GET | Path: /api/v1/bicycles/
2026-04-05 22:25:29,752 | INFO | [L6_PRESENTATION] | DE-ENCAPSULATION | Received Data PDU (Size: 0 bytes)
2026-04-05 22:25:29,753 | INFO | [DATABASE_LAYER] | ENDPOINT_CALL | GET /bicycles/ - skip: 0, limit: 100
2026-04-05 22:25:29,754 | INFO | [DATABASE_LAYER] | SQL_QUERY | SELECT bicycles OFFSET 0 LIMIT 100
2026-04-05 22:25:29,757 | INFO | [L4_TRANSPORT] | SEGMENT_COMPLETE | Total RTT (Processing): 6.00ms | Status: 200
2026-04-05 22:25:29,763 | INFO | [L4_TRANSPORT] | SEGMENT_COMPLETE | Total RTT (Processing): 23.69ms | Status: 200
2026-04-05 22:25:29,764 | INFO | [L4_TRANSPORT] | SEGMENT_COMPLETE | Total RTT (Processing): 26.69ms | Status: 200
2026-04-05 22:25:29,765 | INFO | [L4_TRANSPORT] | SEGMENT_COMPLETE | Total RTT (Processing): 37.35ms | Status: 200
2026-04-05 22:25:29,767 | INFO | [L4_TRANSPORT] | SEGMENT_COMPLETE | Total RTT (Processing): 31.70ms | Status: 200
2026-04-05 22:25:29,775 | INFO | [L7_APPLICATION] | API_REQUEST_IN | Method: GET | Path: /api/v1/bicycles/
2026-04-05 22:25:29,776 | INFO | [L6_PRESENTATION] | DE-ENCAPSULATION | Received Data PDU (Size: 0 bytes)
2026-04-05 22:25:29,778 | INFO | [DATABASE_LAYER] | ENDPOINT_CALL | GET /bicycles/ - skip: 0, limit: 100
2026-04-05 22:25:29,779 | INFO | [DATABASE_LAYER] | SQL_QUERY | SELECT bicycles OFFSET 0 LIMIT 100
2026-04-05 22:25:29,780 | INFO | [L7_APPLICATION] | API_REQUEST_IN | Method: GET | Path: /api/v1/drivers/
2026-04-05 22:25:29,781 | INFO | [L6_PRESENTATION] | DE-ENCAPSULATION | Received Data PDU (Size: 0 bytes)
2026-04-05 22:25:29,783 | INFO | [DATABASE_LAYER] | ENDPOINT_CALL | GET /drivers/ - skip: 0, limit: 100
2026-04-05 22:25:29,783 | INFO | [DATABASE_LAYER] | SQL_QUERY | SELECT drivers OFFSET 0 LIMIT 100
2026-04-05 22:25:29,785 | INFO | [L7_APPLICATION] | API_REQUEST_IN | Method: GET | Path: /api/v1/buses/
2026-04-05 22:25:29,786 | INFO | [L6_PRESENTATION] | DE-ENCAPSULATION | Received Data PDU (Size: 0 bytes)
2026-04-05 22:25:29,787 | INFO | [L7_APPLICATION] | API_REQUEST_IN | Method: GET | Path: /api/v1/students/
2026-04-05 22:25:29,787 | INFO | [L6_PRESENTATION] | DE-ENCAPSULATION | Received Data PDU (Size: 0 bytes)
2026-04-05 22:25:29,788 | INFO | [L7_APPLICATION] | API_REQUEST_IN | Method: GET | Path: /api/v1/taxis/
2026-04-05 22:25:29,788 | INFO | [L6_PRESENTATION] | DE-ENCAPSULATION | Received Data PDU (Size: 0 bytes)
2026-04-05 22:25:29,790 | INFO | [DATABASE_LAYER] | ENDPOINT_CALL | GET /buses/ - skip: 0, limit: 100
2026-04-05 22:25:29,790 | INFO | [DATABASE_LAYER] | SQL_QUERY | SELECT buses OFFSET 0 LIMIT 100
2026-04-05 22:25:29,791 | INFO | [DATABASE_LAYER] | ENDPOINT_CALL | GET /students/ - skip: 0, limit: 100
2026-04-05 22:25:29,792 | INFO | [DATABASE_LAYER] | SQL_QUERY | SELECT students OFFSET 0 LIMIT 100
2026-04-05 22:25:29,795 | INFO | [DATABASE_LAYER] | ENDPOINT_CALL | GET /taxis/ - skip: 0, limit: 100
2026-04-05 22:25:29,796 | INFO | [DATABASE_LAYER] | SQL_QUERY | SELECT taxis OFFSET 0 LIMIT 100
2026-04-05 22:25:29,799 | INFO | [L4_TRANSPORT] | SEGMENT_COMPLETE | Total RTT (Processing): 24.00ms | Status: 200
2026-04-05 22:25:29,802 | INFO | [L4_TRANSPORT] | SEGMENT_COMPLETE | Total RTT (Processing): 22.00ms | Status: 200
2026-04-05 22:25:29,803 | INFO | [L4_TRANSPORT] | SEGMENT_COMPLETE | Total RTT (Processing): 18.00ms | Status: 200
2026-04-05 22:25:29,804 | INFO | [L4_TRANSPORT] | SEGMENT_COMPLETE | Total RTT (Processing): 17.00ms | Status: 200
2026-04-05 22:25:29,805 | INFO | [L4_TRANSPORT] | SEGMENT_COMPLETE | Total RTT (Processing): 17.00ms | Status: 200
2026-04-05 22:26:18,738 | INFO | [L7_APPLICATION] | API_REQUEST_IN | Method: GET | Path: /api/v1/students/
2026-04-05 22:26:18,739 | INFO | [L6_PRESENTATION] | DE-ENCAPSULATION | Received Data PDU (Size: 0 bytes)
2026-04-05 22:26:18,740 | INFO | [DATABASE_LAYER] | ENDPOINT_CALL | GET /students/ - skip: 0, limit: 100
2026-04-05 22:26:18,740 | INFO | [DATABASE_LAYER] | SQL_QUERY | SELECT students OFFSET 0 LIMIT 100
2026-04-05 22:26:18,745 | INFO | [L7_APPLICATION] | API_REQUEST_IN | Method: GET | Path: /api/v1/taxis/
2026-04-05 22:26:18,745 | INFO | [L6_PRESENTATION] | DE-ENCAPSULATION | Received Data PDU (Size: 0 bytes)
2026-04-05 22:26:18,746 | INFO | [L7_APPLICATION] | API_REQUEST_IN | Method: GET | Path: /api/v1/buses/
2026-04-05 22:26:18,747 | INFO | [L6_PRESENTATION] | DE-ENCAPSULATION | Received Data PDU (Size: 0 bytes)
2026-04-05 22:26:18,747 | INFO | [L7_APPLICATION] | API_REQUEST_IN | Method: GET | Path: /api/v1/bicycles/
2026-04-05 22:26:18,748 | INFO | [L6_PRESENTATION] | DE-ENCAPSULATION | Received Data PDU (Size: 0 bytes)
2026-04-05 22:26:18,749 | INFO | [L7_APPLICATION] | API_REQUEST_IN | Method: GET | Path: /api/v1/drivers/
2026-04-05 22:26:18,749 | INFO | [L6_PRESENTATION] | DE-ENCAPSULATION | Received Data PDU (Size: 0 bytes)
2026-04-05 22:26:18,751 | INFO | [DATABASE_LAYER] | ENDPOINT_CALL | GET /taxis/ - skip: 0, limit: 100
2026-04-05 22:26:18,752 | INFO | [DATABASE_LAYER] | SQL_QUERY | SELECT taxis OFFSET 0 LIMIT 100
2026-04-05 22:26:18,755 | INFO | [DATABASE_LAYER] | ENDPOINT_CALL | GET /buses/ - skip: 0, limit: 100
2026-04-05 22:26:18,756 | INFO | [DATABASE_LAYER] | SQL_QUERY | SELECT buses OFFSET 0 LIMIT 100
2026-04-05 22:26:18,759 | INFO | [DATABASE_LAYER] | ENDPOINT_CALL | GET /bicycles/ - skip: 0, limit: 100
2026-04-05 22:26:18,759 | INFO | [DATABASE_LAYER] | SQL_QUERY | SELECT bicycles OFFSET 0 LIMIT 100
2026-04-05 22:26:18,761 | INFO | [DATABASE_LAYER] | ENDPOINT_CALL | GET /drivers/ - skip: 0, limit: 100
2026-04-05 22:26:18,762 | INFO | [DATABASE_LAYER] | SQL_QUERY | SELECT drivers OFFSET 0 LIMIT 100
2026-04-05 22:26:18,765 | INFO | [L4_TRANSPORT] | SEGMENT_COMPLETE | Total RTT (Processing): 27.56ms | Status: 200
2026-04-05 22:26:18,769 | INFO | [L4_TRANSPORT] | SEGMENT_COMPLETE | Total RTT (Processing): 24.57ms | Status: 200
2026-04-05 22:26:18,770 | INFO | [L4_TRANSPORT] | SEGMENT_COMPLETE | Total RTT (Processing): 24.57ms | Status: 200
2026-04-05 22:26:18,771 | INFO | [L4_TRANSPORT] | SEGMENT_COMPLETE | Total RTT (Processing): 24.58ms | Status: 200
2026-04-05 22:26:18,780 | INFO | [L4_TRANSPORT] | SEGMENT_COMPLETE | Total RTT (Processing): 30.57ms | Status: 200
2026-04-05 22:26:35,151 | INFO | [L7_APPLICATION] | API_REQUEST_IN | Method: GET | Path: /api/v1/students/
2026-04-05 22:26:35,158 | INFO | [L6_PRESENTATION] | DE-ENCAPSULATION | Received Data PDU (Size: 0 bytes)
2026-04-05 22:26:35,163 | INFO | [DATABASE_LAYER] | ENDPOINT_CALL | GET /students/ - skip: 0, limit: 100
2026-04-05 22:26:35,165 | INFO | [DATABASE_LAYER] | SQL_QUERY | SELECT students OFFSET 0 LIMIT 100
2026-04-05 22:26:35,194 | INFO | [L7_APPLICATION] | API_REQUEST_IN | Method: GET | Path: /api/v1/bicycles/
2026-04-05 22:26:35,206 | INFO | [L6_PRESENTATION] | DE-ENCAPSULATION | Received Data PDU (Size: 0 bytes)
2026-04-05 22:26:35,208 | INFO | [L7_APPLICATION] | API_REQUEST_IN | Method: GET | Path: /api/v1/drivers/
2026-04-05 22:26:35,210 | INFO | [L6_PRESENTATION] | DE-ENCAPSULATION | Received Data PDU (Size: 0 bytes)
2026-04-05 22:26:35,221 | INFO | [L7_APPLICATION] | API_REQUEST_IN | Method: GET | Path: /api/v1/taxis/
2026-04-05 22:26:35,225 | INFO | [L6_PRESENTATION] | DE-ENCAPSULATION | Received Data PDU (Size: 0 bytes)
2026-04-05 22:26:35,228 | INFO | [L7_APPLICATION] | API_REQUEST_IN | Method: GET | Path: /api/v1/buses/
2026-04-05 22:26:35,230 | INFO | [L6_PRESENTATION] | DE-ENCAPSULATION | Received Data PDU (Size: 0 bytes)
2026-04-05 22:26:35,244 | INFO | [DATABASE_LAYER] | ENDPOINT_CALL | GET /bicycles/ - skip: 0, limit: 100
2026-04-05 22:26:35,245 | INFO | [DATABASE_LAYER] | SQL_QUERY | SELECT bicycles OFFSET 0 LIMIT 100
2026-04-05 22:26:35,272 | INFO | [DATABASE_LAYER] | ENDPOINT_CALL | GET /drivers/ - skip: 0, limit: 100
2026-04-05 22:26:35,278 | INFO | [DATABASE_LAYER] | SQL_QUERY | SELECT drivers OFFSET 0 LIMIT 100
2026-04-05 22:26:35,285 | INFO | [DATABASE_LAYER] | ENDPOINT_CALL | GET /taxis/ - skip: 0, limit: 100
2026-04-05 22:26:35,288 | INFO | [DATABASE_LAYER] | SQL_QUERY | SELECT taxis OFFSET 0 LIMIT 100
2026-04-05 22:26:35,310 | INFO | [DATABASE_LAYER] | ENDPOINT_CALL | GET /buses/ - skip: 0, limit: 100
2026-04-05 22:26:35,329 | INFO | [DATABASE_LAYER] | SQL_QUERY | SELECT buses OFFSET 0 LIMIT 100
2026-04-05 22:26:35,385 | INFO | [L4_TRANSPORT] | SEGMENT_COMPLETE | Total RTT (Processing): 233.64ms | Status: 200
2026-04-05 22:26:35,444 | INFO | [L4_TRANSPORT] | SEGMENT_COMPLETE | Total RTT (Processing): 249.92ms | Status: 200
2026-04-05 22:26:35,463 | INFO | [L4_TRANSPORT] | SEGMENT_COMPLETE | Total RTT (Processing): 255.46ms | Status: 200
2026-04-05 22:26:35,476 | INFO | [L4_TRANSPORT] | SEGMENT_COMPLETE | Total RTT (Processing): 255.45ms | Status: 200
2026-04-05 22:26:35,484 | INFO | [L4_TRANSPORT] | SEGMENT_COMPLETE | Total RTT (Processing): 256.25ms | Status: 200
2026-04-05 22:26:35,579 | INFO | [L7_APPLICATION] | API_REQUEST_IN | Method: GET | Path: /api/v1/students/
2026-04-05 22:26:35,604 | INFO | [L6_PRESENTATION] | DE-ENCAPSULATION | Received Data PDU (Size: 0 bytes)
2026-04-05 22:26:35,645 | INFO | [DATABASE_LAYER] | ENDPOINT_CALL | GET /students/ - skip: 0, limit: 100
2026-04-05 22:26:35,647 | INFO | [DATABASE_LAYER] | SQL_QUERY | SELECT students OFFSET 0 LIMIT 100
2026-04-05 22:26:35,679 | INFO | [L7_APPLICATION] | API_REQUEST_IN | Method: GET | Path: /api/v1/bicycles/
2026-04-05 22:26:35,696 | INFO | [L6_PRESENTATION] | DE-ENCAPSULATION | Received Data PDU (Size: 0 bytes)
2026-04-05 22:26:35,741 | INFO | [DATABASE_LAYER] | ENDPOINT_CALL | GET /bicycles/ - skip: 0, limit: 100
2026-04-05 22:26:35,752 | INFO | [DATABASE_LAYER] | SQL_QUERY | SELECT bicycles OFFSET 0 LIMIT 100
2026-04-05 22:26:35,835 | INFO | [L7_APPLICATION] | API_REQUEST_IN | Method: GET | Path: /api/v1/drivers/
2026-04-05 22:26:35,860 | INFO | [L6_PRESENTATION] | DE-ENCAPSULATION | Received Data PDU (Size: 0 bytes)
2026-04-05 22:26:35,863 | INFO | [L7_APPLICATION] | API_REQUEST_IN | Method: GET | Path: /api/v1/taxis/
2026-04-05 22:26:35,867 | INFO | [L6_PRESENTATION] | DE-ENCAPSULATION | Received Data PDU (Size: 0 bytes)
2026-04-05 22:26:35,904 | INFO | [L7_APPLICATION] | API_REQUEST_IN | Method: GET | Path: /api/v1/buses/
2026-04-05 22:26:35,931 | INFO | [L6_PRESENTATION] | DE-ENCAPSULATION | Received Data PDU (Size: 0 bytes)
2026-04-05 22:26:35,950 | INFO | [DATABASE_LAYER] | ENDPOINT_CALL | GET /drivers/ - skip: 0, limit: 100
2026-04-05 22:26:35,961 | INFO | [DATABASE_LAYER] | SQL_QUERY | SELECT drivers OFFSET 0 LIMIT 100
2026-04-05 22:26:36,018 | INFO | [DATABASE_LAYER] | ENDPOINT_CALL | GET /taxis/ - skip: 0, limit: 100
2026-04-05 22:26:36,045 | INFO | [DATABASE_LAYER] | SQL_QUERY | SELECT taxis OFFSET 0 LIMIT 100
2026-04-05 22:26:36,062 | INFO | [DATABASE_LAYER] | ENDPOINT_CALL | GET /buses/ - skip: 0, limit: 100
2026-04-05 22:26:36,090 | INFO | [DATABASE_LAYER] | SQL_QUERY | SELECT buses OFFSET 0 LIMIT 100
2026-04-05 22:26:36,111 | INFO | [L4_TRANSPORT] | SEGMENT_COMPLETE | Total RTT (Processing): 532.64ms | Status: 200
2026-04-05 22:26:36,129 | INFO | [L4_TRANSPORT] | SEGMENT_COMPLETE | Total RTT (Processing): 450.88ms | Status: 200
2026-04-05 22:26:36,154 | INFO | [L4_TRANSPORT] | SEGMENT_COMPLETE | Total RTT (Processing): 287.33ms | Status: 200
2026-04-05 22:26:36,180 | INFO | [L4_TRANSPORT] | SEGMENT_COMPLETE | Total RTT (Processing): 346.34ms | Status: 200
2026-04-05 22:26:36,226 | INFO | [L4_TRANSPORT] | SEGMENT_COMPLETE | Total RTT (Processing): 322.84ms | Status: 200
2026-04-05 22:26:39,087 | INFO | [L7_APPLICATION] | API_REQUEST_IN | Method: GET | Path: /api/v1/students/
2026-04-05 22:26:39,088 | INFO | [L6_PRESENTATION] | DE-ENCAPSULATION | Received Data PDU (Size: 0 bytes)
2026-04-05 22:26:39,090 | INFO | [DATABASE_LAYER] | ENDPOINT_CALL | GET /students/ - skip: 0, limit: 100
2026-04-05 22:26:39,091 | INFO | [DATABASE_LAYER] | SQL_QUERY | SELECT students OFFSET 0 LIMIT 100
2026-04-05 22:26:39,096 | INFO | [L7_APPLICATION] | API_REQUEST_IN | Method: GET | Path: /api/v1/drivers/
2026-04-05 22:26:39,096 | INFO | [L6_PRESENTATION] | DE-ENCAPSULATION | Received Data PDU (Size: 0 bytes)
2026-04-05 22:26:39,098 | INFO | [L7_APPLICATION] | API_REQUEST_IN | Method: GET | Path: /api/v1/bicycles/
2026-04-05 22:26:39,099 | INFO | [L6_PRESENTATION] | DE-ENCAPSULATION | Received Data PDU (Size: 0 bytes)
2026-04-05 22:26:39,100 | INFO | [L7_APPLICATION] | API_REQUEST_IN | Method: GET | Path: /api/v1/taxis/
2026-04-05 22:26:39,101 | INFO | [L6_PRESENTATION] | DE-ENCAPSULATION | Received Data PDU (Size: 0 bytes)
2026-04-05 22:26:39,102 | INFO | [L7_APPLICATION] | API_REQUEST_IN | Method: GET | Path: /api/v1/buses/
2026-04-05 22:26:39,103 | INFO | [L6_PRESENTATION] | DE-ENCAPSULATION | Received Data PDU (Size: 0 bytes)
2026-04-05 22:26:39,105 | INFO | [DATABASE_LAYER] | ENDPOINT_CALL | GET /drivers/ - skip: 0, limit: 100
2026-04-05 22:26:39,106 | INFO | [DATABASE_LAYER] | SQL_QUERY | SELECT drivers OFFSET 0 LIMIT 100
2026-04-05 22:26:39,108 | INFO | [DATABASE_LAYER] | ENDPOINT_CALL | GET /bicycles/ - skip: 0, limit: 100
2026-04-05 22:26:39,109 | INFO | [DATABASE_LAYER] | SQL_QUERY | SELECT bicycles OFFSET 0 LIMIT 100
2026-04-05 22:26:39,111 | INFO | [DATABASE_LAYER] | ENDPOINT_CALL | GET /taxis/ - skip: 0, limit: 100
2026-04-05 22:26:39,112 | INFO | [DATABASE_LAYER] | SQL_QUERY | SELECT taxis OFFSET 0 LIMIT 100
2026-04-05 22:26:39,115 | INFO | [DATABASE_LAYER] | ENDPOINT_CALL | GET /buses/ - skip: 0, limit: 100
2026-04-05 22:26:39,116 | INFO | [DATABASE_LAYER] | SQL_QUERY | SELECT buses OFFSET 0 LIMIT 100
2026-04-05 22:26:39,120 | INFO | [L4_TRANSPORT] | SEGMENT_COMPLETE | Total RTT (Processing): 31.54ms | Status: 200
2026-04-05 22:26:39,123 | INFO | [L4_TRANSPORT] | SEGMENT_COMPLETE | Total RTT (Processing): 27.53ms | Status: 200
2026-04-05 22:26:39,124 | INFO | [L4_TRANSPORT] | SEGMENT_COMPLETE | Total RTT (Processing): 23.54ms | Status: 200
2026-04-05 22:26:39,125 | INFO | [L4_TRANSPORT] | SEGMENT_COMPLETE | Total RTT (Processing): 26.54ms | Status: 200
2026-04-05 22:26:39,126 | INFO | [L4_TRANSPORT] | SEGMENT_COMPLETE | Total RTT (Processing): 23.54ms | Status: 200
2026-04-05 22:26:39,135 | INFO | [L7_APPLICATION] | API_REQUEST_IN | Method: GET | Path: /api/v1/students/
2026-04-05 22:26:39,136 | INFO | [L6_PRESENTATION] | DE-ENCAPSULATION | Received Data PDU (Size: 0 bytes)
2026-04-05 22:26:39,139 | INFO | [DATABASE_LAYER] | ENDPOINT_CALL | GET /students/ - skip: 0, limit: 100
2026-04-05 22:26:39,140 | INFO | [DATABASE_LAYER] | SQL_QUERY | SELECT students OFFSET 0 LIMIT 100
2026-04-05 22:26:39,143 | INFO | [L7_APPLICATION] | API_REQUEST_IN | Method: GET | Path: /api/v1/drivers/
2026-04-05 22:26:39,144 | INFO | [L6_PRESENTATION] | DE-ENCAPSULATION | Received Data PDU (Size: 0 bytes)
2026-04-05 22:26:39,148 | INFO | [DATABASE_LAYER] | ENDPOINT_CALL | GET /drivers/ - skip: 0, limit: 100
2026-04-05 22:26:39,149 | INFO | [DATABASE_LAYER] | SQL_QUERY | SELECT drivers OFFSET 0 LIMIT 100
2026-04-05 22:26:39,154 | INFO | [L7_APPLICATION] | API_REQUEST_IN | Method: GET | Path: /api/v1/taxis/
2026-04-05 22:26:39,155 | INFO | [L6_PRESENTATION] | DE-ENCAPSULATION | Received Data PDU (Size: 0 bytes)
2026-04-05 22:26:39,157 | INFO | [L7_APPLICATION] | API_REQUEST_IN | Method: GET | Path: /api/v1/buses/
2026-04-05 22:26:39,158 | INFO | [L6_PRESENTATION] | DE-ENCAPSULATION | Received Data PDU (Size: 0 bytes)
2026-04-05 22:26:39,159 | INFO | [L7_APPLICATION] | API_REQUEST_IN | Method: GET | Path: /api/v1/bicycles/
2026-04-05 22:26:39,160 | INFO | [L6_PRESENTATION] | DE-ENCAPSULATION | Received Data PDU (Size: 0 bytes)
2026-04-05 22:26:39,162 | INFO | [DATABASE_LAYER] | ENDPOINT_CALL | GET /taxis/ - skip: 0, limit: 100
2026-04-05 22:26:39,163 | INFO | [DATABASE_LAYER] | SQL_QUERY | SELECT taxis OFFSET 0 LIMIT 100
2026-04-05 22:26:39,165 | INFO | [DATABASE_LAYER] | ENDPOINT_CALL | GET /buses/ - skip: 0, limit: 100
2026-04-05 22:26:39,166 | INFO | [DATABASE_LAYER] | SQL_QUERY | SELECT buses OFFSET 0 LIMIT 100
2026-04-05 22:26:39,169 | INFO | [DATABASE_LAYER] | ENDPOINT_CALL | GET /bicycles/ - skip: 0, limit: 100
2026-04-05 22:26:39,169 | INFO | [DATABASE_LAYER] | SQL_QUERY | SELECT bicycles OFFSET 0 LIMIT 100
2026-04-05 22:26:39,173 | INFO | [L4_TRANSPORT] | SEGMENT_COMPLETE | Total RTT (Processing): 38.08ms | Status: 200
2026-04-05 22:26:39,177 | INFO | [L4_TRANSPORT] | SEGMENT_COMPLETE | Total RTT (Processing): 34.24ms | Status: 200
2026-04-05 22:26:39,191 | INFO | [L4_TRANSPORT] | SEGMENT_COMPLETE | Total RTT (Processing): 37.07ms | Status: 200
2026-04-05 22:26:39,197 | INFO | [L4_TRANSPORT] | SEGMENT_COMPLETE | Total RTT (Processing): 40.08ms | Status: 200
2026-04-05 22:26:39,200 | INFO | [L4_TRANSPORT] | SEGMENT_COMPLETE | Total RTT (Processing): 40.53ms | Status: 200
2026-04-05 22:40:00,191 | INFO | [L7_APPLICATION] | API_REQUEST_IN | Method: GET | Path: /api/v1/students/
2026-04-05 22:40:00,488 | INFO | [L6_PRESENTATION] | DE-ENCAPSULATION | Received Data PDU (Size: 0 bytes)
2026-04-05 22:40:00,660 | INFO | [DATABASE_LAYER] | ENDPOINT_CALL | GET /students/ - skip: 0, limit: 100
2026-04-05 22:40:00,899 | INFO | [DATABASE_LAYER] | SQL_QUERY | SELECT students OFFSET 0 LIMIT 100
2026-04-05 22:40:02,706 | INFO | [L7_APPLICATION] | API_REQUEST_IN | Method: GET | Path: /api/v1/drivers/
2026-04-05 22:40:02,716 | INFO | [L6_PRESENTATION] | DE-ENCAPSULATION | Received Data PDU (Size: 0 bytes)
2026-04-05 22:40:02,785 | INFO | [L7_APPLICATION] | API_REQUEST_IN | Method: GET | Path: /api/v1/bicycles/
2026-04-05 22:40:02,869 | INFO | [L6_PRESENTATION] | DE-ENCAPSULATION | Received Data PDU (Size: 0 bytes)
2026-04-05 22:40:02,914 | INFO | [L7_APPLICATION] | API_REQUEST_IN | Method: GET | Path: /api/v1/taxis/
2026-04-05 22:40:02,967 | INFO | [L6_PRESENTATION] | DE-ENCAPSULATION | Received Data PDU (Size: 0 bytes)
2026-04-05 22:40:03,056 | INFO | [L7_APPLICATION] | API_REQUEST_IN | Method: GET | Path: /api/v1/buses/
2026-04-05 22:40:03,144 | INFO | [L6_PRESENTATION] | DE-ENCAPSULATION | Received Data PDU (Size: 0 bytes)
2026-04-05 22:40:03,216 | INFO | [DATABASE_LAYER] | ENDPOINT_CALL | GET /drivers/ - skip: 0, limit: 100
2026-04-05 22:40:03,266 | INFO | [DATABASE_LAYER] | SQL_QUERY | SELECT drivers OFFSET 0 LIMIT 100
2026-04-05 22:40:03,329 | INFO | [DATABASE_LAYER] | ENDPOINT_CALL | GET /bicycles/ - skip: 0, limit: 100
2026-04-05 22:40:03,357 | INFO | [DATABASE_LAYER] | SQL_QUERY | SELECT bicycles OFFSET 0 LIMIT 100
2026-04-05 22:40:03,370 | INFO | [DATABASE_LAYER] | ENDPOINT_CALL | GET /taxis/ - skip: 0, limit: 100
2026-04-05 22:40:03,372 | INFO | [DATABASE_LAYER] | SQL_QUERY | SELECT taxis OFFSET 0 LIMIT 100
2026-04-05 22:40:03,407 | INFO | [DATABASE_LAYER] | ENDPOINT_CALL | GET /buses/ - skip: 0, limit: 100
2026-04-05 22:40:03,443 | INFO | [DATABASE_LAYER] | SQL_QUERY | SELECT buses OFFSET 0 LIMIT 100
2026-04-05 22:40:03,530 | INFO | [L4_TRANSPORT] | SEGMENT_COMPLETE | Total RTT (Processing): 3338.19ms | Status: 200
2026-04-05 22:40:03,538 | INFO | [L4_TRANSPORT] | SEGMENT_COMPLETE | Total RTT (Processing): 832.87ms | Status: 200
2026-04-05 22:40:03,541 | INFO | [L4_TRANSPORT] | SEGMENT_COMPLETE | Total RTT (Processing): 628.42ms | Status: 200
2026-04-05 22:40:03,560 | INFO | [L4_TRANSPORT] | SEGMENT_COMPLETE | Total RTT (Processing): 502.85ms | Status: 200
2026-04-05 22:40:03,687 | INFO | [L4_TRANSPORT] | SEGMENT_COMPLETE | Total RTT (Processing): 902.45ms | Status: 200
2026-04-05 22:40:03,812 | INFO | [L7_APPLICATION] | API_REQUEST_IN | Method: GET | Path: /api/v1/drivers/
2026-04-05 22:40:03,848 | INFO | [L6_PRESENTATION] | DE-ENCAPSULATION | Received Data PDU (Size: 0 bytes)
2026-04-05 22:40:03,975 | INFO | [DATABASE_LAYER] | ENDPOINT_CALL | GET /drivers/ - skip: 0, limit: 100
2026-04-05 22:40:04,002 | INFO | [DATABASE_LAYER] | SQL_QUERY | SELECT drivers OFFSET 0 LIMIT 100
2026-04-05 22:40:04,040 | INFO | [L7_APPLICATION] | API_REQUEST_IN | Method: GET | Path: /api/v1/taxis/
2026-04-05 22:40:04,062 | INFO | [L6_PRESENTATION] | DE-ENCAPSULATION | Received Data PDU (Size: 0 bytes)
2026-04-05 22:40:04,081 | INFO | [L7_APPLICATION] | API_REQUEST_IN | Method: GET | Path: /api/v1/buses/
2026-04-05 22:40:04,091 | INFO | [L6_PRESENTATION] | DE-ENCAPSULATION | Received Data PDU (Size: 0 bytes)
2026-04-05 22:40:04,150 | INFO | [DATABASE_LAYER] | ENDPOINT_CALL | GET /taxis/ - skip: 0, limit: 100
2026-04-05 22:40:04,166 | INFO | [DATABASE_LAYER] | SQL_QUERY | SELECT taxis OFFSET 0 LIMIT 100
2026-04-05 22:40:04,198 | INFO | [DATABASE_LAYER] | ENDPOINT_CALL | GET /buses/ - skip: 0, limit: 100
2026-04-05 22:40:04,210 | INFO | [DATABASE_LAYER] | SQL_QUERY | SELECT buses OFFSET 0 LIMIT 100
2026-04-05 22:40:04,307 | INFO | [L7_APPLICATION] | API_REQUEST_IN | Method: GET | Path: /api/v1/students/
2026-04-05 22:40:04,413 | INFO | [L6_PRESENTATION] | DE-ENCAPSULATION | Received Data PDU (Size: 0 bytes)
2026-04-05 22:40:04,457 | INFO | [L7_APPLICATION] | API_REQUEST_IN | Method: GET | Path: /api/v1/bicycles/
2026-04-05 22:40:04,470 | INFO | [L6_PRESENTATION] | DE-ENCAPSULATION | Received Data PDU (Size: 0 bytes)
2026-04-05 22:40:04,625 | INFO | [DATABASE_LAYER] | ENDPOINT_CALL | GET /students/ - skip: 0, limit: 100
2026-04-05 22:40:04,678 | INFO | [DATABASE_LAYER] | SQL_QUERY | SELECT students OFFSET 0 LIMIT 100
2026-04-05 22:40:04,804 | INFO | [DATABASE_LAYER] | ENDPOINT_CALL | GET /bicycles/ - skip: 0, limit: 100
2026-04-05 22:40:04,884 | INFO | [DATABASE_LAYER] | SQL_QUERY | SELECT bicycles OFFSET 0 LIMIT 100
2026-04-05 22:40:04,975 | INFO | [L4_TRANSPORT] | SEGMENT_COMPLETE | Total RTT (Processing): 1163.05ms | Status: 200
2026-04-05 22:40:05,096 | INFO | [L4_TRANSPORT] | SEGMENT_COMPLETE | Total RTT (Processing): 1056.53ms | Status: 200
2026-04-05 22:40:05,101 | INFO | [L4_TRANSPORT] | SEGMENT_COMPLETE | Total RTT (Processing): 643.75ms | Status: 200
2026-04-05 22:40:05,141 | INFO | [L4_TRANSPORT] | SEGMENT_COMPLETE | Total RTT (Processing): 1060.52ms | Status: 200
2026-04-05 22:40:05,207 | INFO | [L4_TRANSPORT] | SEGMENT_COMPLETE | Total RTT (Processing): 902.38ms | Status: 200
2026-04-08 13:17:04,496 | INFO | [L7_APPLICATION] | API_REQUEST_IN | Method: GET | Path: /api/v1/students/
2026-04-08 13:17:04,498 | INFO | [L6_PRESENTATION] | DE-ENCAPSULATION | Received Data PDU (Size: 0 bytes)
2026-04-08 13:17:04,519 | INFO | [DATABASE_LAYER] | ENDPOINT_CALL | GET /students/ - skip: 0, limit: 100
2026-04-08 13:17:04,529 | INFO | [DATABASE_LAYER] | SQL_QUERY | SELECT students OFFSET 0 LIMIT 100
2026-04-08 13:17:04,681 | INFO | [L7_APPLICATION] | API_REQUEST_IN | Method: GET | Path: /api/v1/drivers/
2026-04-08 13:17:04,691 | INFO | [L6_PRESENTATION] | DE-ENCAPSULATION | Received Data PDU (Size: 0 bytes)
2026-04-08 13:17:04,723 | INFO | [DATABASE_LAYER] | ENDPOINT_CALL | GET /drivers/ - skip: 0, limit: 100
2026-04-08 13:17:04,724 | INFO | [DATABASE_LAYER] | SQL_QUERY | SELECT drivers OFFSET 0 LIMIT 100
2026-04-08 13:17:04,755 | INFO | [L7_APPLICATION] | API_REQUEST_IN | Method: GET | Path: /api/v1/buses/
2026-04-08 13:17:04,757 | INFO | [L6_PRESENTATION] | DE-ENCAPSULATION | Received Data PDU (Size: 0 bytes)
2026-04-08 13:17:04,758 | INFO | [L7_APPLICATION] | API_REQUEST_IN | Method: GET | Path: /api/v1/taxis/
2026-04-08 13:17:04,760 | INFO | [L6_PRESENTATION] | DE-ENCAPSULATION | Received Data PDU (Size: 0 bytes)
2026-04-08 13:17:04,763 | INFO | [L7_APPLICATION] | API_REQUEST_IN | Method: GET | Path: /api/v1/bicycles/
2026-04-08 13:17:04,766 | INFO | [L6_PRESENTATION] | DE-ENCAPSULATION | Received Data PDU (Size: 0 bytes)
2026-04-08 13:17:04,791 | INFO | [DATABASE_LAYER] | ENDPOINT_CALL | GET /buses/ - skip: 0, limit: 100
2026-04-08 13:17:04,792 | INFO | [DATABASE_LAYER] | SQL_QUERY | SELECT buses OFFSET 0 LIMIT 100
2026-04-08 13:17:04,816 | INFO | [DATABASE_LAYER] | ENDPOINT_CALL | GET /taxis/ - skip: 0, limit: 100
2026-04-08 13:17:04,820 | INFO | [DATABASE_LAYER] | SQL_QUERY | SELECT taxis OFFSET 0 LIMIT 100
2026-04-08 13:17:04,882 | INFO | [DATABASE_LAYER] | ENDPOINT_CALL | GET /bicycles/ - skip: 0, limit: 100
2026-04-08 13:17:04,890 | INFO | [DATABASE_LAYER] | SQL_QUERY | SELECT bicycles OFFSET 0 LIMIT 100
2026-04-08 13:17:04,974 | INFO | [L4_TRANSPORT] | SEGMENT_COMPLETE | Total RTT (Processing): 477.94ms | Status: 200
2026-04-08 13:17:05,038 | INFO | [L7_APPLICATION] | API_REQUEST_IN | Method: GET | Path: /api/v1/students/
2026-04-08 13:17:05,091 | INFO | [L6_PRESENTATION] | DE-ENCAPSULATION | Received Data PDU (Size: 0 bytes)
2026-04-08 13:17:05,180 | INFO | [DATABASE_LAYER] | ENDPOINT_CALL | GET /students/ - skip: 0, limit: 100
2026-04-08 13:17:05,220 | INFO | [DATABASE_LAYER] | SQL_QUERY | SELECT students OFFSET 0 LIMIT 100
2026-04-08 13:17:05,271 | INFO | [L4_TRANSPORT] | SEGMENT_COMPLETE | Total RTT (Processing): 233.46ms | Status: 200
2026-04-08 13:17:05,551 | INFO | [L4_TRANSPORT] | SEGMENT_COMPLETE | Total RTT (Processing): 872.74ms | Status: 200
2026-04-08 13:17:05,559 | INFO | [L4_TRANSPORT] | SEGMENT_COMPLETE | Total RTT (Processing): 801.66ms | Status: 200
2026-04-08 13:17:05,564 | INFO | [L7_APPLICATION] | API_REQUEST_IN | Method: GET | Path: /api/v1/drivers/
2026-04-08 13:17:05,566 | INFO | [L6_PRESENTATION] | DE-ENCAPSULATION | Received Data PDU (Size: 0 bytes)
2026-04-08 13:17:05,571 | INFO | [L4_TRANSPORT] | SEGMENT_COMPLETE | Total RTT (Processing): 808.13ms | Status: 200
2026-04-08 13:17:05,586 | INFO | [DATABASE_LAYER] | ENDPOINT_CALL | GET /drivers/ - skip: 0, limit: 100
2026-04-08 13:17:05,588 | INFO | [DATABASE_LAYER] | SQL_QUERY | SELECT drivers OFFSET 0 LIMIT 100
2026-04-08 13:17:05,606 | INFO | [L4_TRANSPORT] | SEGMENT_COMPLETE | Total RTT (Processing): 851.69ms | Status: 200
2026-04-08 13:17:05,614 | INFO | [L7_APPLICATION] | API_REQUEST_IN | Method: GET | Path: /api/v1/taxis/
2026-04-08 13:17:05,618 | INFO | [L6_PRESENTATION] | DE-ENCAPSULATION | Received Data PDU (Size: 0 bytes)
2026-04-08 13:17:05,631 | INFO | [DATABASE_LAYER] | ENDPOINT_CALL | GET /taxis/ - skip: 0, limit: 100
2026-04-08 13:17:05,643 | INFO | [DATABASE_LAYER] | SQL_QUERY | SELECT taxis OFFSET 0 LIMIT 100
2026-04-08 13:17:05,665 | INFO | [L7_APPLICATION] | API_REQUEST_IN | Method: GET | Path: /api/v1/bicycles/
2026-04-08 13:17:05,669 | INFO | [L6_PRESENTATION] | DE-ENCAPSULATION | Received Data PDU (Size: 0 bytes)
2026-04-08 13:17:05,674 | INFO | [DATABASE_LAYER] | ENDPOINT_CALL | GET /bicycles/ - skip: 0, limit: 100
2026-04-08 13:17:05,680 | INFO | [DATABASE_LAYER] | SQL_QUERY | SELECT bicycles OFFSET 0 LIMIT 100
2026-04-08 13:17:05,691 | INFO | [L7_APPLICATION] | API_REQUEST_IN | Method: GET | Path: /api/v1/buses/
2026-04-08 13:17:05,692 | INFO | [L6_PRESENTATION] | DE-ENCAPSULATION | Received Data PDU (Size: 0 bytes)
2026-04-08 13:17:05,695 | INFO | [DATABASE_LAYER] | ENDPOINT_CALL | GET /buses/ - skip: 0, limit: 100
2026-04-08 13:17:05,698 | INFO | [DATABASE_LAYER] | SQL_QUERY | SELECT buses OFFSET 0 LIMIT 100
2026-04-08 13:17:05,705 | INFO | [L4_TRANSPORT] | SEGMENT_COMPLETE | Total RTT (Processing): 140.00ms | Status: 200
2026-04-08 13:17:05,737 | INFO | [L4_TRANSPORT] | SEGMENT_COMPLETE | Total RTT (Processing): 123.00ms | Status: 200
2026-04-08 13:17:05,754 | INFO | [L4_TRANSPORT] | SEGMENT_COMPLETE | Total RTT (Processing): 90.95ms | Status: 200
2026-04-08 13:17:05,756 | INFO | [L4_TRANSPORT] | SEGMENT_COMPLETE | Total RTT (Processing): 65.01ms | Status: 200
2026-04-08 13:31:41,383 | INFO | [L7_APPLICATION] | API_REQUEST_IN | Method: POST | Path: /api/v1/drivers/
2026-04-08 13:31:41,384 | INFO | [L6_PRESENTATION] | DE-ENCAPSULATION | Received Data PDU (Size: 106 bytes)
2026-04-08 13:31:41,389 | INFO | [DATABASE_LAYER] | ENDPOINT_CALL | POST /drivers/ - driver_id: A43232
2026-04-08 13:31:41,390 | INFO | [DATABASE_LAYER] | SQL_QUERY | SELECT/UPSERT driver WHERE driver_id='A43232'
2026-04-08 13:31:41,465 | INFO | [L4_TRANSPORT] | SEGMENT_COMPLETE | Total RTT (Processing): 81.57ms | Status: 200
2026-04-08 13:31:41,476 | INFO | [L7_APPLICATION] | API_REQUEST_IN | Method: GET | Path: /api/v1/drivers/
2026-04-08 13:31:41,477 | INFO | [L6_PRESENTATION] | DE-ENCAPSULATION | Received Data PDU (Size: 0 bytes)
2026-04-08 13:31:41,478 | INFO | [DATABASE_LAYER] | ENDPOINT_CALL | GET /drivers/ - skip: 0, limit: 100
2026-04-08 13:31:41,479 | INFO | [DATABASE_LAYER] | SQL_QUERY | SELECT drivers OFFSET 0 LIMIT 100
2026-04-08 13:31:41,483 | INFO | [L4_TRANSPORT] | SEGMENT_COMPLETE | Total RTT (Processing): 6.12ms | Status: 200
2026-06-07 21:15:25,697 | INFO | [L7_APPLICATION] | API_REQUEST_IN | Method: GET | Path: /
2026-06-07 21:15:25,699 | INFO | [L6_PRESENTATION] | DE-ENCAPSULATION | Received Data PDU (Size: 0 bytes)
2026-06-07 21:15:25,702 | INFO | [L4_TRANSPORT] | SEGMENT_COMPLETE | Total RTT (Processing): 5.54ms | Status: 404
2026-06-07 21:15:25,861 | INFO | [L7_APPLICATION] | API_REQUEST_IN | Method: GET | Path: /favicon.ico
2026-06-07 21:15:25,863 | INFO | [L6_PRESENTATION] | DE-ENCAPSULATION | Received Data PDU (Size: 0 bytes)
2026-06-07 21:15:25,869 | INFO | [L4_TRANSPORT] | SEGMENT_COMPLETE | Total RTT (Processing): 8.45ms | Status: 404
2026-06-07 21:16:17,009 | INFO | [L7_APPLICATION] | API_REQUEST_IN | Method: GET | Path: /docs
2026-06-07 21:16:17,010 | INFO | [L6_PRESENTATION] | DE-ENCAPSULATION | Received Data PDU (Size: 0 bytes)
2026-06-07 21:16:17,018 | INFO | [L4_TRANSPORT] | SEGMENT_COMPLETE | Total RTT (Processing): 8.90ms | Status: 200
2026-06-07 21:16:25,067 | INFO | [L7_APPLICATION] | API_REQUEST_IN | Method: GET | Path: /docs
2026-06-07 21:16:25,067 | INFO | [L6_PRESENTATION] | DE-ENCAPSULATION | Received Data PDU (Size: 0 bytes)
2026-06-07 21:16:25,067 | INFO | [L4_TRANSPORT] | SEGMENT_COMPLETE | Total RTT (Processing): 0.00ms | Status: 200
2026-06-07 21:17:05,686 | INFO | [L7_APPLICATION] | API_REQUEST_IN | Method: GET | Path: /docs
2026-06-07 21:17:05,690 | INFO | [L6_PRESENTATION] | DE-ENCAPSULATION | Received Data PDU (Size: 0 bytes)
2026-06-07 21:17:05,690 | INFO | [L4_TRANSPORT] | SEGMENT_COMPLETE | Total RTT (Processing): 3.59ms | Status: 200
2026-06-07 21:17:06,382 | INFO | [L7_APPLICATION] | API_REQUEST_IN | Method: GET | Path: /docs
2026-06-07 21:17:06,383 | INFO | [L6_PRESENTATION] | DE-ENCAPSULATION | Received Data PDU (Size: 0 bytes)
2026-06-07 21:17:06,384 | INFO | [L4_TRANSPORT] | SEGMENT_COMPLETE | Total RTT (Processing): 2.00ms | Status: 200
2026-06-07 21:17:06,835 | INFO | [L7_APPLICATION] | API_REQUEST_IN | Method: GET | Path: /docs
2026-06-07 21:17:06,836 | INFO | [L6_PRESENTATION] | DE-ENCAPSULATION | Received Data PDU (Size: 0 bytes)
2026-06-07 21:17:06,838 | INFO | [L4_TRANSPORT] | SEGMENT_COMPLETE | Total RTT (Processing): 2.61ms | Status: 200
2026-06-07 21:17:08,576 | INFO | [L7_APPLICATION] | API_REQUEST_IN | Method: GET | Path: /docs
2026-06-07 21:17:08,577 | INFO | [L6_PRESENTATION] | DE-ENCAPSULATION | Received Data PDU (Size: 0 bytes)
2026-06-07 21:17:08,577 | INFO | [L4_TRANSPORT] | SEGMENT_COMPLETE | Total RTT (Processing): 0.63ms | Status: 200
2026-06-07 21:17:29,699 | INFO | [L7_APPLICATION] | API_REQUEST_IN | Method: GET | Path: /docs
2026-06-07 21:17:29,699 | INFO | [L6_PRESENTATION] | DE-ENCAPSULATION | Received Data PDU (Size: 0 bytes)
2026-06-07 21:17:29,701 | INFO | [L4_TRANSPORT] | SEGMENT_COMPLETE | Total RTT (Processing): 1.80ms | Status: 200
2026-06-07 21:17:40,856 | INFO | [L7_APPLICATION] | API_REQUEST_IN | Method: GET | Path: /docs
2026-06-07 21:17:40,858 | INFO | [L6_PRESENTATION] | DE-ENCAPSULATION | Received Data PDU (Size: 0 bytes)
2026-06-07 21:17:40,860 | INFO | [L4_TRANSPORT] | SEGMENT_COMPLETE | Total RTT (Processing): 3.60ms | Status: 200
2026-06-07 21:18:09,143 | INFO | [L7_APPLICATION] | API_REQUEST_IN | Method: GET | Path: /docs
2026-06-07 21:18:09,145 | INFO | [L6_PRESENTATION] | DE-ENCAPSULATION | Received Data PDU (Size: 0 bytes)
2026-06-07 21:18:09,146 | INFO | [L4_TRANSPORT] | SEGMENT_COMPLETE | Total RTT (Processing): 3.23ms | Status: 200
2026-06-07 21:19:48,784 | INFO | [L7_APPLICATION] | API_REQUEST_IN | Method: GET | Path: /docs
2026-06-07 21:19:48,786 | INFO | [L6_PRESENTATION] | DE-ENCAPSULATION | Received Data PDU (Size: 0 bytes)
2026-06-07 21:19:48,788 | INFO | [L4_TRANSPORT] | SEGMENT_COMPLETE | Total RTT (Processing): 4.29ms | Status: 200
2026-06-07 21:19:51,696 | INFO | [L7_APPLICATION] | API_REQUEST_IN | Method: GET | Path: /docs
2026-06-07 21:19:51,698 | INFO | [L6_PRESENTATION] | DE-ENCAPSULATION | Received Data PDU (Size: 0 bytes)
2026-06-07 21:19:51,703 | INFO | [L4_TRANSPORT] | SEGMENT_COMPLETE | Total RTT (Processing): 6.64ms | Status: 200
2026-06-07 21:19:52,280 | INFO | [L7_APPLICATION] | API_REQUEST_IN | Method: GET | Path: /docs
2026-06-07 21:19:52,281 | INFO | [L6_PRESENTATION] | DE-ENCAPSULATION | Received Data PDU (Size: 0 bytes)
2026-06-07 21:19:52,284 | INFO | [L4_TRANSPORT] | SEGMENT_COMPLETE | Total RTT (Processing): 4.04ms | Status: 200
2026-06-07 21:19:52,725 | INFO | [L7_APPLICATION] | API_REQUEST_IN | Method: GET | Path: /docs
2026-06-07 21:19:52,726 | INFO | [L6_PRESENTATION] | DE-ENCAPSULATION | Received Data PDU (Size: 0 bytes)
2026-06-07 21:19:52,730 | INFO | [L4_TRANSPORT] | SEGMENT_COMPLETE | Total RTT (Processing): 4.68ms | Status: 200
2026-06-07 21:19:52,877 | INFO | [L7_APPLICATION] | API_REQUEST_IN | Method: GET | Path: /docs
2026-06-07 21:19:52,879 | INFO | [L6_PRESENTATION] | DE-ENCAPSULATION | Received Data PDU (Size: 0 bytes)
2026-06-07 21:19:52,881 | INFO | [L4_TRANSPORT] | SEGMENT_COMPLETE | Total RTT (Processing): 3.84ms | Status: 200
2026-06-07 21:19:53,069 | INFO | [L7_APPLICATION] | API_REQUEST_IN | Method: GET | Path: /docs
2026-06-07 21:19:53,071 | INFO | [L6_PRESENTATION] | DE-ENCAPSULATION | Received Data PDU (Size: 0 bytes)
2026-06-07 21:19:53,075 | INFO | [L4_TRANSPORT] | SEGMENT_COMPLETE | Total RTT (Processing): 6.52ms | Status: 200
2026-06-07 21:19:53,501 | INFO | [L7_APPLICATION] | API_REQUEST_IN | Method: GET | Path: /docs
2026-06-07 21:19:53,501 | INFO | [L6_PRESENTATION] | DE-ENCAPSULATION | Received Data PDU (Size: 0 bytes)
2026-06-07 21:19:53,505 | INFO | [L4_TRANSPORT] | SEGMENT_COMPLETE | Total RTT (Processing): 6.56ms | Status: 200
2026-06-07 21:19:53,840 | INFO | [L7_APPLICATION] | API_REQUEST_IN | Method: GET | Path: /docs
2026-06-07 21:19:53,841 | INFO | [L6_PRESENTATION] | DE-ENCAPSULATION | Received Data PDU (Size: 0 bytes)
2026-06-07 21:19:53,844 | INFO | [L4_TRANSPORT] | SEGMENT_COMPLETE | Total RTT (Processing): 4.06ms | Status: 200
2026-06-07 21:19:54,278 | INFO | [L7_APPLICATION] | API_REQUEST_IN | Method: GET | Path: /docs
2026-06-07 21:19:54,280 | INFO | [L6_PRESENTATION] | DE-ENCAPSULATION | Received Data PDU (Size: 0 bytes)
2026-06-07 21:19:54,283 | INFO | [L4_TRANSPORT] | SEGMENT_COMPLETE | Total RTT (Processing): 5.13ms | Status: 200
2026-06-07 21:19:54,668 | INFO | [L7_APPLICATION] | API_REQUEST_IN | Method: GET | Path: /docs
2026-06-07 21:19:54,669 | INFO | [L6_PRESENTATION] | DE-ENCAPSULATION | Received Data PDU (Size: 0 bytes)
2026-06-07 21:19:54,671 | INFO | [L4_TRANSPORT] | SEGMENT_COMPLETE | Total RTT (Processing): 2.95ms | Status: 200
2026-06-07 21:19:55,012 | INFO | [L7_APPLICATION] | API_REQUEST_IN | Method: GET | Path: /docs
2026-06-07 21:19:55,012 | INFO | [L6_PRESENTATION] | DE-ENCAPSULATION | Received Data PDU (Size: 0 bytes)
2026-06-07 21:19:55,016 | INFO | [L4_TRANSPORT] | SEGMENT_COMPLETE | Total RTT (Processing): 3.84ms | Status: 200
2026-06-07 21:19:55,480 | INFO | [L7_APPLICATION] | API_REQUEST_IN | Method: GET | Path: /docs
2026-06-07 21:19:55,481 | INFO | [L6_PRESENTATION] | DE-ENCAPSULATION | Received Data PDU (Size: 0 bytes)
2026-06-07 21:19:55,484 | INFO | [L4_TRANSPORT] | SEGMENT_COMPLETE | Total RTT (Processing): 4.24ms | Status: 200
2026-06-07 21:20:00,308 | INFO | [L7_APPLICATION] | API_REQUEST_IN | Method: GET | Path: /docs
2026-06-07 21:20:00,310 | INFO | [L6_PRESENTATION] | DE-ENCAPSULATION | Received Data PDU (Size: 0 bytes)
2026-06-07 21:20:00,313 | INFO | [L4_TRANSPORT] | SEGMENT_COMPLETE | Total RTT (Processing): 4.00ms | Status: 200
2026-06-07 21:20:01,044 | INFO | [L7_APPLICATION] | API_REQUEST_IN | Method: GET | Path: /docs
2026-06-07 21:20:01,045 | INFO | [L6_PRESENTATION] | DE-ENCAPSULATION | Received Data PDU (Size: 0 bytes)
2026-06-07 21:20:01,046 | INFO | [L4_TRANSPORT] | SEGMENT_COMPLETE | Total RTT (Processing): 2.54ms | Status: 200
2026-06-07 21:20:23,242 | INFO | [L7_APPLICATION] | API_REQUEST_IN | Method: GET | Path: /docs
2026-06-07 21:20:23,242 | INFO | [L6_PRESENTATION] | DE-ENCAPSULATION | Received Data PDU (Size: 0 bytes)
2026-06-07 21:20:23,244 | INFO | [L4_TRANSPORT] | SEGMENT_COMPLETE | Total RTT (Processing): 2.01ms | Status: 200
2026-06-07 21:20:27,186 | INFO | [L7_APPLICATION] | API_REQUEST_IN | Method: GET | Path: /
2026-06-07 21:20:27,187 | INFO | [L6_PRESENTATION] | DE-ENCAPSULATION | Received Data PDU (Size: 0 bytes)
2026-06-07 21:20:27,188 | INFO | [L4_TRANSPORT] | SEGMENT_COMPLETE | Total RTT (Processing): 2.46ms | Status: 404
2026-06-07 21:20:27,236 | INFO | [L7_APPLICATION] | API_REQUEST_IN | Method: GET | Path: /favicon.ico
2026-06-07 21:20:27,238 | INFO | [L6_PRESENTATION] | DE-ENCAPSULATION | Received Data PDU (Size: 0 bytes)
2026-06-07 21:20:27,239 | INFO | [L4_TRANSPORT] | SEGMENT_COMPLETE | Total RTT (Processing): 2.76ms | Status: 404
2026-06-07 21:20:30,738 | INFO | [L7_APPLICATION] | API_REQUEST_IN | Method: GET | Path: /docs
2026-06-07 21:20:30,739 | INFO | [L6_PRESENTATION] | DE-ENCAPSULATION | Received Data PDU (Size: 0 bytes)
2026-06-07 21:20:30,739 | INFO | [L4_TRANSPORT] | SEGMENT_COMPLETE | Total RTT (Processing): 1.01ms | Status: 200
2026-06-07 21:21:07,864 | INFO | [L7_APPLICATION] | API_REQUEST_IN | Method: GET | Path: /redoc
2026-06-07 21:21:07,866 | INFO | [L6_PRESENTATION] | DE-ENCAPSULATION | Received Data PDU (Size: 0 bytes)
2026-06-07 21:21:07,868 | INFO | [L4_TRANSPORT] | SEGMENT_COMPLETE | Total RTT (Processing): 4.36ms | Status: 200
2026-06-07 21:23:46,569 | INFO | [L7_APPLICATION] | API_REQUEST_IN | Method: GET | Path: /redoc
2026-06-07 21:23:46,571 | INFO | [L6_PRESENTATION] | DE-ENCAPSULATION | Received Data PDU (Size: 0 bytes)
2026-06-07 21:23:46,571 | INFO | [L4_TRANSPORT] | SEGMENT_COMPLETE | Total RTT (Processing): 2.04ms | Status: 200
2026-06-07 21:27:47,172 | INFO | [L7_APPLICATION] | API_REQUEST_IN | Method: GET | Path: /redoc
2026-06-07 21:27:47,176 | INFO | [L6_PRESENTATION] | DE-ENCAPSULATION | Received Data PDU (Size: 0 bytes)
2026-06-07 21:27:47,176 | INFO | [L4_TRANSPORT] | SEGMENT_COMPLETE | Total RTT (Processing): 3.61ms | Status: 200
2026-06-07 21:27:50,483 | INFO | [L7_APPLICATION] | API_REQUEST_IN | Method: GET | Path: /redoc
2026-06-07 21:27:50,483 | INFO | [L6_PRESENTATION] | DE-ENCAPSULATION | Received Data PDU (Size: 0 bytes)
2026-06-07 21:27:50,485 | INFO | [L4_TRANSPORT] | SEGMENT_COMPLETE | Total RTT (Processing): 2.05ms | Status: 200
2026-06-07 21:27:51,051 | INFO | [L7_APPLICATION] | API_REQUEST_IN | Method: GET | Path: /redoc
2026-06-07 21:27:51,051 | INFO | [L6_PRESENTATION] | DE-ENCAPSULATION | Received Data PDU (Size: 0 bytes)
2026-06-07 21:27:51,057 | INFO | [L4_TRANSPORT] | SEGMENT_COMPLETE | Total RTT (Processing): 8.02ms | Status: 200
2026-06-07 21:27:51,230 | INFO | [L7_APPLICATION] | API_REQUEST_IN | Method: GET | Path: /redoc
2026-06-07 21:27:51,230 | INFO | [L6_PRESENTATION] | DE-ENCAPSULATION | Received Data PDU (Size: 0 bytes)
2026-06-07 21:27:51,232 | INFO | [L4_TRANSPORT] | SEGMENT_COMPLETE | Total RTT (Processing): 2.51ms | Status: 200
2026-06-07 21:27:51,403 | INFO | [L7_APPLICATION] | API_REQUEST_IN | Method: GET | Path: /redoc
2026-06-07 21:27:51,404 | INFO | [L6_PRESENTATION] | DE-ENCAPSULATION | Received Data PDU (Size: 0 bytes)
2026-06-07 21:27:51,406 | INFO | [L4_TRANSPORT] | SEGMENT_COMPLETE | Total RTT (Processing): 3.07ms | Status: 200
2026-06-07 21:27:51,567 | INFO | [L7_APPLICATION] | API_REQUEST_IN | Method: GET | Path: /redoc
2026-06-07 21:27:51,567 | INFO | [L6_PRESENTATION] | DE-ENCAPSULATION | Received Data PDU (Size: 0 bytes)
2026-06-07 21:27:51,570 | INFO | [L4_TRANSPORT] | SEGMENT_COMPLETE | Total RTT (Processing): 2.42ms | Status: 200
2026-06-07 21:27:51,718 | INFO | [L7_APPLICATION] | API_REQUEST_IN | Method: GET | Path: /redoc
2026-06-07 21:27:51,721 | INFO | [L6_PRESENTATION] | DE-ENCAPSULATION | Received Data PDU (Size: 0 bytes)
2026-06-07 21:27:51,724 | INFO | [L4_TRANSPORT] | SEGMENT_COMPLETE | Total RTT (Processing): 6.06ms | Status: 200
2026-06-07 21:27:51,873 | INFO | [L7_APPLICATION] | API_REQUEST_IN | Method: GET | Path: /redoc
2026-06-07 21:27:51,874 | INFO | [L6_PRESENTATION] | DE-ENCAPSULATION | Received Data PDU (Size: 0 bytes)
2026-06-07 21:27:51,878 | INFO | [L4_TRANSPORT] | SEGMENT_COMPLETE | Total RTT (Processing): 4.47ms | Status: 200
2026-06-07 21:27:52,028 | INFO | [L7_APPLICATION] | API_REQUEST_IN | Method: GET | Path: /redoc
2026-06-07 21:27:52,029 | INFO | [L6_PRESENTATION] | DE-ENCAPSULATION | Received Data PDU (Size: 0 bytes)
2026-06-07 21:27:52,030 | INFO | [L4_TRANSPORT] | SEGMENT_COMPLETE | Total RTT (Processing): 2.04ms | Status: 200
2026-06-07 21:27:52,194 | INFO | [L7_APPLICATION] | API_REQUEST_IN | Method: GET | Path: /redoc
2026-06-07 21:27:52,197 | INFO | [L6_PRESENTATION] | DE-ENCAPSULATION | Received Data PDU (Size: 0 bytes)
2026-06-07 21:27:52,200 | INFO | [L4_TRANSPORT] | SEGMENT_COMPLETE | Total RTT (Processing): 6.26ms | Status: 200
2026-06-07 21:27:52,360 | INFO | [L7_APPLICATION] | API_REQUEST_IN | Method: GET | Path: /redoc
2026-06-07 21:27:52,362 | INFO | [L6_PRESENTATION] | DE-ENCAPSULATION | Received Data PDU (Size: 0 bytes)
2026-06-07 21:27:52,366 | INFO | [L4_TRANSPORT] | SEGMENT_COMPLETE | Total RTT (Processing): 5.69ms | Status: 200
2026-06-07 21:27:52,534 | INFO | [L7_APPLICATION] | API_REQUEST_IN | Method: GET | Path: /redoc
2026-06-07 21:27:52,538 | INFO | [L6_PRESENTATION] | DE-ENCAPSULATION | Received Data PDU (Size: 0 bytes)
2026-06-07 21:27:52,541 | INFO | [L4_TRANSPORT] | SEGMENT_COMPLETE | Total RTT (Processing): 8.23ms | Status: 200
2026-06-07 21:27:52,682 | INFO | [L7_APPLICATION] | API_REQUEST_IN | Method: GET | Path: /redoc
2026-06-07 21:27:52,682 | INFO | [L6_PRESENTATION] | DE-ENCAPSULATION | Received Data PDU (Size: 0 bytes)
2026-06-07 21:27:52,685 | INFO | [L4_TRANSPORT] | SEGMENT_COMPLETE | Total RTT (Processing): 2.70ms | Status: 200
2026-06-07 21:27:52,832 | INFO | [L7_APPLICATION] | API_REQUEST_IN | Method: GET | Path: /redoc
2026-06-07 21:27:52,834 | INFO | [L6_PRESENTATION] | DE-ENCAPSULATION | Received Data PDU (Size: 0 bytes)
2026-06-07 21:27:52,836 | INFO | [L4_TRANSPORT] | SEGMENT_COMPLETE | Total RTT (Processing): 3.52ms | Status: 200
2026-06-07 21:40:03,984 | INFO | [L7_APPLICATION] | API_REQUEST_IN | Method: GET | Path: /api/v1/students/
2026-06-07 21:40:03,990 | INFO | [L6_PRESENTATION] | DE-ENCAPSULATION | Received Data PDU (Size: 0 bytes)
2026-06-07 21:40:04,011 | INFO | [DATABASE_LAYER] | ENDPOINT_CALL | GET /students/ - skip: 0, limit: 100
2026-06-07 21:40:04,011 | INFO | [DATABASE_LAYER] | SQL_QUERY | SELECT students OFFSET 0 LIMIT 100
2026-06-07 21:40:04,025 | INFO | [L7_APPLICATION] | API_REQUEST_IN | Method: GET | Path: /api/v1/drivers/
2026-06-07 21:40:04,026 | INFO | [L6_PRESENTATION] | DE-ENCAPSULATION | Received Data PDU (Size: 0 bytes)
2026-06-07 21:40:04,031 | INFO | [DATABASE_LAYER] | ENDPOINT_CALL | GET /drivers/ - skip: 0, limit: 100
2026-06-07 21:40:04,032 | INFO | [DATABASE_LAYER] | SQL_QUERY | SELECT drivers OFFSET 0 LIMIT 100
2026-06-07 21:40:04,045 | INFO | [L7_APPLICATION] | API_REQUEST_IN | Method: GET | Path: /api/v1/buses/
2026-06-07 21:40:04,047 | INFO | [L6_PRESENTATION] | DE-ENCAPSULATION | Received Data PDU (Size: 0 bytes)
2026-06-07 21:40:04,048 | INFO | [L7_APPLICATION] | API_REQUEST_IN | Method: GET | Path: /api/v1/bicycles/
2026-06-07 21:40:04,050 | INFO | [L6_PRESENTATION] | DE-ENCAPSULATION | Received Data PDU (Size: 0 bytes)
2026-06-07 21:40:04,051 | INFO | [L7_APPLICATION] | API_REQUEST_IN | Method: GET | Path: /api/v1/taxis/
2026-06-07 21:40:04,054 | INFO | [L6_PRESENTATION] | DE-ENCAPSULATION | Received Data PDU (Size: 0 bytes)
2026-06-07 21:40:04,059 | INFO | [DATABASE_LAYER] | ENDPOINT_CALL | GET /buses/ - skip: 0, limit: 100
2026-06-07 21:40:04,063 | INFO | [DATABASE_LAYER] | SQL_QUERY | SELECT buses OFFSET 0 LIMIT 100
2026-06-07 21:40:04,073 | INFO | [DATABASE_LAYER] | ENDPOINT_CALL | GET /bicycles/ - skip: 0, limit: 100
2026-06-07 21:40:04,074 | INFO | [DATABASE_LAYER] | SQL_QUERY | SELECT bicycles OFFSET 0 LIMIT 100
2026-06-07 21:40:04,085 | INFO | [DATABASE_LAYER] | ENDPOINT_CALL | GET /taxis/ - skip: 0, limit: 100
2026-06-07 21:40:04,086 | INFO | [DATABASE_LAYER] | SQL_QUERY | SELECT taxis OFFSET 0 LIMIT 100
2026-06-07 21:40:04,118 | INFO | [L4_TRANSPORT] | SEGMENT_COMPLETE | Total RTT (Processing): 133.91ms | Status: 200
2026-06-07 21:40:04,148 | INFO | [L4_TRANSPORT] | SEGMENT_COMPLETE | Total RTT (Processing): 123.33ms | Status: 200
2026-06-07 21:40:04,153 | INFO | [L7_APPLICATION] | API_REQUEST_IN | Method: GET | Path: /api/v1/students/
2026-06-07 21:40:04,154 | INFO | [L6_PRESENTATION] | DE-ENCAPSULATION | Received Data PDU (Size: 0 bytes)
2026-06-07 21:40:04,155 | INFO | [DATABASE_LAYER] | ENDPOINT_CALL | GET /students/ - skip: 0, limit: 100
2026-06-07 21:40:04,156 | INFO | [DATABASE_LAYER] | SQL_QUERY | SELECT students OFFSET 0 LIMIT 100
2026-06-07 21:40:04,161 | INFO | [L4_TRANSPORT] | SEGMENT_COMPLETE | Total RTT (Processing): 8.04ms | Status: 200
2026-06-07 21:40:04,190 | INFO | [L7_APPLICATION] | API_REQUEST_IN | Method: GET | Path: /api/v1/drivers/
2026-06-07 21:40:04,191 | INFO | [L6_PRESENTATION] | DE-ENCAPSULATION | Received Data PDU (Size: 0 bytes)
2026-06-07 21:40:04,193 | INFO | [DATABASE_LAYER] | ENDPOINT_CALL | GET /drivers/ - skip: 0, limit: 100
2026-06-07 21:40:04,194 | INFO | [DATABASE_LAYER] | SQL_QUERY | SELECT drivers OFFSET 0 LIMIT 100
2026-06-07 21:40:04,200 | INFO | [L4_TRANSPORT] | SEGMENT_COMPLETE | Total RTT (Processing): 10.03ms | Status: 200
2026-06-07 21:40:04,207 | INFO | [L4_TRANSPORT] | SEGMENT_COMPLETE | Total RTT (Processing): 159.02ms | Status: 200
2026-06-07 21:40:04,245 | INFO | [L4_TRANSPORT] | SEGMENT_COMPLETE | Total RTT (Processing): 200.49ms | Status: 200
2026-06-07 21:40:04,246 | INFO | [L7_APPLICATION] | API_REQUEST_IN | Method: GET | Path: /api/v1/bicycles/
2026-06-07 21:40:04,247 | INFO | [L6_PRESENTATION] | DE-ENCAPSULATION | Received Data PDU (Size: 0 bytes)
2026-06-07 21:40:04,251 | INFO | [DATABASE_LAYER] | ENDPOINT_CALL | GET /bicycles/ - skip: 0, limit: 100
2026-06-07 21:40:04,252 | INFO | [DATABASE_LAYER] | SQL_QUERY | SELECT bicycles OFFSET 0 LIMIT 100
2026-06-07 21:40:04,262 | INFO | [L7_APPLICATION] | API_REQUEST_IN | Method: GET | Path: /api/v1/buses/
2026-06-07 21:40:04,263 | INFO | [L6_PRESENTATION] | DE-ENCAPSULATION | Received Data PDU (Size: 0 bytes)
2026-06-07 21:40:04,265 | INFO | [DATABASE_LAYER] | ENDPOINT_CALL | GET /buses/ - skip: 0, limit: 100
2026-06-07 21:40:04,266 | INFO | [DATABASE_LAYER] | SQL_QUERY | SELECT buses OFFSET 0 LIMIT 100
2026-06-07 21:40:04,270 | INFO | [L4_TRANSPORT] | SEGMENT_COMPLETE | Total RTT (Processing): 219.14ms | Status: 200
2026-06-07 21:40:04,271 | INFO | [L4_TRANSPORT] | SEGMENT_COMPLETE | Total RTT (Processing): 24.78ms | Status: 200
2026-06-07 21:40:04,281 | INFO | [L4_TRANSPORT] | SEGMENT_COMPLETE | Total RTT (Processing): 19.13ms | Status: 200
2026-06-07 21:40:04,285 | INFO | [L7_APPLICATION] | API_REQUEST_IN | Method: GET | Path: /api/v1/taxis/
2026-06-07 21:40:04,286 | INFO | [L6_PRESENTATION] | DE-ENCAPSULATION | Received Data PDU (Size: 0 bytes)
2026-06-07 21:40:04,288 | INFO | [DATABASE_LAYER] | ENDPOINT_CALL | GET /taxis/ - skip: 0, limit: 100
2026-06-07 21:40:04,289 | INFO | [DATABASE_LAYER] | SQL_QUERY | SELECT taxis OFFSET 0 LIMIT 100
2026-06-07 21:40:04,301 | INFO | [L4_TRANSPORT] | SEGMENT_COMPLETE | Total RTT (Processing): 16.69ms | Status: 200
2026-06-07 21:40:04,424 | INFO | [L7_APPLICATION] | API_REQUEST_IN | Method: GET | Path: /api/v1/students/
2026-06-07 21:40:04,425 | INFO | [L6_PRESENTATION] | DE-ENCAPSULATION | Received Data PDU (Size: 0 bytes)
2026-06-07 21:40:04,428 | INFO | [DATABASE_LAYER] | ENDPOINT_CALL | GET /students/ - skip: 0, limit: 100
2026-06-07 21:40:04,429 | INFO | [DATABASE_LAYER] | SQL_QUERY | SELECT students OFFSET 0 LIMIT 100
2026-06-07 21:40:04,432 | INFO | [L7_APPLICATION] | API_REQUEST_IN | Method: GET | Path: /api/v1/buses/
2026-06-07 21:40:04,432 | INFO | [L6_PRESENTATION] | DE-ENCAPSULATION | Received Data PDU (Size: 0 bytes)
2026-06-07 21:40:04,434 | INFO | [L7_APPLICATION] | API_REQUEST_IN | Method: GET | Path: /api/v1/drivers/
2026-06-07 21:40:04,434 | INFO | [L6_PRESENTATION] | DE-ENCAPSULATION | Received Data PDU (Size: 0 bytes)
2026-06-07 21:40:04,437 | INFO | [L7_APPLICATION] | API_REQUEST_IN | Method: GET | Path: /api/v1/taxis/
2026-06-07 21:40:04,437 | INFO | [L6_PRESENTATION] | DE-ENCAPSULATION | Received Data PDU (Size: 0 bytes)
2026-06-07 21:40:04,439 | INFO | [DATABASE_LAYER] | ENDPOINT_CALL | GET /buses/ - skip: 0, limit: 100
2026-06-07 21:40:04,440 | INFO | [DATABASE_LAYER] | SQL_QUERY | SELECT buses OFFSET 0 LIMIT 100
2026-06-07 21:40:04,442 | INFO | [DATABASE_LAYER] | ENDPOINT_CALL | GET /drivers/ - skip: 0, limit: 100
2026-06-07 21:40:04,443 | INFO | [DATABASE_LAYER] | SQL_QUERY | SELECT drivers OFFSET 0 LIMIT 100
2026-06-07 21:40:04,446 | INFO | [DATABASE_LAYER] | ENDPOINT_CALL | GET /taxis/ - skip: 0, limit: 100
2026-06-07 21:40:04,448 | INFO | [DATABASE_LAYER] | SQL_QUERY | SELECT taxis OFFSET 0 LIMIT 100
2026-06-07 21:40:04,450 | INFO | [L7_APPLICATION] | API_REQUEST_IN | Method: GET | Path: /api/v1/bicycles/
2026-06-07 21:40:04,451 | INFO | [L6_PRESENTATION] | DE-ENCAPSULATION | Received Data PDU (Size: 0 bytes)
2026-06-07 21:40:04,452 | INFO | [DATABASE_LAYER] | ENDPOINT_CALL | GET /bicycles/ - skip: 0, limit: 100
2026-06-07 21:40:04,454 | INFO | [DATABASE_LAYER] | SQL_QUERY | SELECT bicycles OFFSET 0 LIMIT 100
2026-06-07 21:40:04,462 | INFO | [L4_TRANSPORT] | SEGMENT_COMPLETE | Total RTT (Processing): 12.16ms | Status: 200
2026-06-07 21:40:04,466 | INFO | [L4_TRANSPORT] | SEGMENT_COMPLETE | Total RTT (Processing): 42.19ms | Status: 200
2026-06-07 21:40:04,466 | INFO | [L4_TRANSPORT] | SEGMENT_COMPLETE | Total RTT (Processing): 34.52ms | Status: 200
2026-06-07 21:40:04,474 | INFO | [L4_TRANSPORT] | SEGMENT_COMPLETE | Total RTT (Processing): 37.55ms | Status: 200
2026-06-07 21:40:04,476 | INFO | [L4_TRANSPORT] | SEGMENT_COMPLETE | Total RTT (Processing): 41.86ms | Status: 200
2026-06-07 21:40:04,482 | INFO | [L7_APPLICATION] | API_REQUEST_IN | Method: GET | Path: /api/v1/bicycles/
2026-06-07 21:40:04,483 | INFO | [L6_PRESENTATION] | DE-ENCAPSULATION | Received Data PDU (Size: 0 bytes)
2026-06-07 21:40:04,490 | INFO | [DATABASE_LAYER] | ENDPOINT_CALL | GET /bicycles/ - skip: 0, limit: 100
2026-06-07 21:40:04,494 | INFO | [DATABASE_LAYER] | SQL_QUERY | SELECT bicycles OFFSET 0 LIMIT 100
2026-06-07 21:40:04,504 | INFO | [L7_APPLICATION] | API_REQUEST_IN | Method: GET | Path: /api/v1/students/
2026-06-07 21:40:04,506 | INFO | [L6_PRESENTATION] | DE-ENCAPSULATION | Received Data PDU (Size: 0 bytes)
2026-06-07 21:40:04,511 | INFO | [DATABASE_LAYER] | ENDPOINT_CALL | GET /students/ - skip: 0, limit: 100
2026-06-07 21:40:04,513 | INFO | [DATABASE_LAYER] | SQL_QUERY | SELECT students OFFSET 0 LIMIT 100
2026-06-07 21:40:04,518 | INFO | [L7_APPLICATION] | API_REQUEST_IN | Method: GET | Path: /api/v1/buses/
2026-06-07 21:40:04,519 | INFO | [L6_PRESENTATION] | DE-ENCAPSULATION | Received Data PDU (Size: 0 bytes)
2026-06-07 21:40:04,519 | INFO | [L7_APPLICATION] | API_REQUEST_IN | Method: GET | Path: /api/v1/taxis/
2026-06-07 21:40:04,521 | INFO | [L6_PRESENTATION] | DE-ENCAPSULATION | Received Data PDU (Size: 0 bytes)
2026-06-07 21:40:04,523 | INFO | [DATABASE_LAYER] | ENDPOINT_CALL | GET /buses/ - skip: 0, limit: 100
2026-06-07 21:40:04,525 | INFO | [DATABASE_LAYER] | SQL_QUERY | SELECT buses OFFSET 0 LIMIT 100
2026-06-07 21:40:04,530 | INFO | [DATABASE_LAYER] | ENDPOINT_CALL | GET /taxis/ - skip: 0, limit: 100
2026-06-07 21:40:04,530 | INFO | [DATABASE_LAYER] | SQL_QUERY | SELECT taxis OFFSET 0 LIMIT 100
2026-06-07 21:40:04,536 | INFO | [L4_TRANSPORT] | SEGMENT_COMPLETE | Total RTT (Processing): 53.25ms | Status: 200
2026-06-07 21:40:04,540 | INFO | [L4_TRANSPORT] | SEGMENT_COMPLETE | Total RTT (Processing): 35.83ms | Status: 200
2026-06-07 21:40:04,546 | INFO | [L4_TRANSPORT] | SEGMENT_COMPLETE | Total RTT (Processing): 28.46ms | Status: 200
2026-06-07 21:40:04,547 | INFO | [L4_TRANSPORT] | SEGMENT_COMPLETE | Total RTT (Processing): 27.93ms | Status: 200
2026-06-07 21:40:04,550 | INFO | [L7_APPLICATION] | API_REQUEST_IN | Method: GET | Path: /api/v1/drivers/
2026-06-07 21:40:04,552 | INFO | [L6_PRESENTATION] | DE-ENCAPSULATION | Received Data PDU (Size: 0 bytes)
2026-06-07 21:40:04,557 | INFO | [DATABASE_LAYER] | ENDPOINT_CALL | GET /drivers/ - skip: 0, limit: 100
2026-06-07 21:40:04,558 | INFO | [DATABASE_LAYER] | SQL_QUERY | SELECT drivers OFFSET 0 LIMIT 100
2026-06-07 21:40:04,566 | INFO | [L4_TRANSPORT] | SEGMENT_COMPLETE | Total RTT (Processing): 15.96ms | Status: 200
2026-06-07 21:40:53,408 | INFO | [L7_APPLICATION] | API_REQUEST_IN | Method: POST | Path: /api/v1/students/
2026-06-07 21:40:53,408 | INFO | [L6_PRESENTATION] | DE-ENCAPSULATION | Received Data PDU (Size: 115 bytes)
2026-06-07 21:40:53,419 | INFO | [DATABASE_LAYER] | ENDPOINT_CALL | POST /students/ - matric_id: 391031
2026-06-07 21:40:53,421 | INFO | [DATABASE_LAYER] | SQL_QUERY | SELECT/UPSERT student WHERE matric_id='391031'
2026-06-07 21:45:02,296 | INFO | [L7_APPLICATION] | API_REQUEST_IN | Method: GET | Path: /api/v1/students/
2026-06-07 21:45:02,297 | INFO | [L6_PRESENTATION] | DE-ENCAPSULATION | Received Data PDU (Size: 0 bytes)
2026-06-07 21:45:02,300 | INFO | [DATABASE_LAYER] | ENDPOINT_CALL | GET /students/ - skip: 0, limit: 100
2026-06-07 21:45:02,301 | INFO | [DATABASE_LAYER] | SQL_QUERY | SELECT students OFFSET 0 LIMIT 100
2026-06-07 21:45:02,304 | INFO | [L7_APPLICATION] | API_REQUEST_IN | Method: GET | Path: /api/v1/drivers/
2026-06-07 21:45:02,304 | INFO | [L6_PRESENTATION] | DE-ENCAPSULATION | Received Data PDU (Size: 0 bytes)
2026-06-07 21:45:02,307 | INFO | [DATABASE_LAYER] | ENDPOINT_CALL | GET /drivers/ - skip: 0, limit: 100
2026-06-07 21:45:02,308 | INFO | [DATABASE_LAYER] | SQL_QUERY | SELECT drivers OFFSET 0 LIMIT 100
2026-06-07 21:45:02,318 | INFO | [L7_APPLICATION] | API_REQUEST_IN | Method: GET | Path: /api/v1/buses/
2026-06-07 21:45:02,318 | INFO | [L6_PRESENTATION] | DE-ENCAPSULATION | Received Data PDU (Size: 0 bytes)
2026-06-07 21:45:02,320 | INFO | [L7_APPLICATION] | API_REQUEST_IN | Method: GET | Path: /api/v1/taxis/
2026-06-07 21:45:02,321 | INFO | [L6_PRESENTATION] | DE-ENCAPSULATION | Received Data PDU (Size: 0 bytes)
2026-06-07 21:45:02,323 | INFO | [L7_APPLICATION] | API_REQUEST_IN | Method: GET | Path: /api/v1/bicycles/
2026-06-07 21:45:02,326 | INFO | [L6_PRESENTATION] | DE-ENCAPSULATION | Received Data PDU (Size: 0 bytes)
2026-06-07 21:45:02,329 | INFO | [DATABASE_LAYER] | ENDPOINT_CALL | GET /buses/ - skip: 0, limit: 100
2026-06-07 21:45:02,330 | INFO | [DATABASE_LAYER] | SQL_QUERY | SELECT buses OFFSET 0 LIMIT 100
2026-06-07 21:45:02,332 | INFO | [L4_TRANSPORT] | SEGMENT_COMPLETE | Total RTT (Processing): 36.42ms | Status: 200
2026-06-07 21:45:02,333 | INFO | [DATABASE_LAYER] | ENDPOINT_CALL | GET /taxis/ - skip: 0, limit: 100
2026-06-07 21:45:02,334 | INFO | [DATABASE_LAYER] | SQL_QUERY | SELECT taxis OFFSET 0 LIMIT 100
2026-06-07 21:45:02,338 | INFO | [DATABASE_LAYER] | ENDPOINT_CALL | GET /bicycles/ - skip: 0, limit: 100
2026-06-07 21:45:02,339 | INFO | [DATABASE_LAYER] | SQL_QUERY | SELECT bicycles OFFSET 0 LIMIT 100
2026-06-07 21:45:02,349 | INFO | [L4_TRANSPORT] | SEGMENT_COMPLETE | Total RTT (Processing): 44.60ms | Status: 200
2026-06-07 21:45:02,353 | INFO | [L4_TRANSPORT] | SEGMENT_COMPLETE | Total RTT (Processing): 35.33ms | Status: 200
2026-06-07 21:45:02,356 | INFO | [L4_TRANSPORT] | SEGMENT_COMPLETE | Total RTT (Processing): 33.72ms | Status: 200
2026-06-07 21:45:02,365 | INFO | [L7_APPLICATION] | API_REQUEST_IN | Method: GET | Path: /api/v1/drivers/
2026-06-07 21:45:02,366 | INFO | [L6_PRESENTATION] | DE-ENCAPSULATION | Received Data PDU (Size: 0 bytes)
2026-06-07 21:45:02,367 | INFO | [L7_APPLICATION] | API_REQUEST_IN | Method: GET | Path: /api/v1/students/
2026-06-07 21:45:02,368 | INFO | [L6_PRESENTATION] | DE-ENCAPSULATION | Received Data PDU (Size: 0 bytes)
2026-06-07 21:45:02,373 | INFO | [DATABASE_LAYER] | ENDPOINT_CALL | GET /drivers/ - skip: 0, limit: 100
2026-06-07 21:45:02,374 | INFO | [DATABASE_LAYER] | SQL_QUERY | SELECT drivers OFFSET 0 LIMIT 100
2026-06-07 21:45:02,378 | INFO | [DATABASE_LAYER] | ENDPOINT_CALL | GET /students/ - skip: 0, limit: 100
2026-06-07 21:45:02,378 | INFO | [DATABASE_LAYER] | SQL_QUERY | SELECT students OFFSET 0 LIMIT 100
2026-06-07 21:45:02,381 | INFO | [L4_TRANSPORT] | SEGMENT_COMPLETE | Total RTT (Processing): 61.25ms | Status: 200
2026-06-07 21:45:02,383 | INFO | [L7_APPLICATION] | API_REQUEST_IN | Method: GET | Path: /api/v1/buses/
2026-06-07 21:45:02,383 | INFO | [L6_PRESENTATION] | DE-ENCAPSULATION | Received Data PDU (Size: 0 bytes)
2026-06-07 21:45:02,390 | INFO | [DATABASE_LAYER] | ENDPOINT_CALL | GET /buses/ - skip: 0, limit: 100
2026-06-07 21:45:02,391 | INFO | [DATABASE_LAYER] | SQL_QUERY | SELECT buses OFFSET 0 LIMIT 100
2026-06-07 21:45:02,396 | INFO | [L7_APPLICATION] | API_REQUEST_IN | Method: GET | Path: /api/v1/bicycles/
2026-06-07 21:45:02,397 | INFO | [L6_PRESENTATION] | DE-ENCAPSULATION | Received Data PDU (Size: 0 bytes)
2026-06-07 21:45:02,399 | INFO | [DATABASE_LAYER] | ENDPOINT_CALL | GET /bicycles/ - skip: 0, limit: 100
2026-06-07 21:45:02,402 | INFO | [DATABASE_LAYER] | SQL_QUERY | SELECT bicycles OFFSET 0 LIMIT 100
2026-06-07 21:45:02,406 | INFO | [L7_APPLICATION] | API_REQUEST_IN | Method: GET | Path: /api/v1/taxis/
2026-06-07 21:45:02,406 | INFO | [L6_PRESENTATION] | DE-ENCAPSULATION | Received Data PDU (Size: 0 bytes)
2026-06-07 21:45:02,409 | INFO | [DATABASE_LAYER] | ENDPOINT_CALL | GET /taxis/ - skip: 0, limit: 100
2026-06-07 21:45:02,410 | INFO | [DATABASE_LAYER] | SQL_QUERY | SELECT taxis OFFSET 0 LIMIT 100
2026-06-07 21:45:02,415 | INFO | [L4_TRANSPORT] | SEGMENT_COMPLETE | Total RTT (Processing): 32.11ms | Status: 200
2026-06-07 21:45:02,417 | INFO | [L4_TRANSPORT] | SEGMENT_COMPLETE | Total RTT (Processing): 50.51ms | Status: 200
2026-06-07 21:45:02,421 | INFO | [L4_TRANSPORT] | SEGMENT_COMPLETE | Total RTT (Processing): 56.75ms | Status: 200
2026-06-07 21:45:02,427 | INFO | [L4_TRANSPORT] | SEGMENT_COMPLETE | Total RTT (Processing): 30.49ms | Status: 200
2026-06-07 21:45:02,436 | INFO | [L4_TRANSPORT] | SEGMENT_COMPLETE | Total RTT (Processing): 30.71ms | Status: 200
2026-06-07 21:47:36,721 | INFO | [L7_APPLICATION] | API_REQUEST_IN | Method: GET | Path: /docs
2026-06-07 21:47:36,723 | INFO | [L6_PRESENTATION] | DE-ENCAPSULATION | Received Data PDU (Size: 0 bytes)
2026-06-07 21:47:36,725 | INFO | [L4_TRANSPORT] | SEGMENT_COMPLETE | Total RTT (Processing): 2.99ms | Status: 200
2026-06-07 21:47:49,353 | INFO | [L7_APPLICATION] | API_REQUEST_IN | Method: GET | Path: /docs
2026-06-07 21:47:49,354 | INFO | [L6_PRESENTATION] | DE-ENCAPSULATION | Received Data PDU (Size: 0 bytes)
2026-06-07 21:47:49,356 | INFO | [L4_TRANSPORT] | SEGMENT_COMPLETE | Total RTT (Processing): 3.00ms | Status: 200
2026-06-07 21:50:42,057 | INFO | [L7_APPLICATION] | API_REQUEST_IN | Method: GET | Path: /
2026-06-07 21:50:42,058 | INFO | [L6_PRESENTATION] | DE-ENCAPSULATION | Received Data PDU (Size: 0 bytes)
2026-06-07 21:50:42,060 | INFO | [L4_TRANSPORT] | SEGMENT_COMPLETE | Total RTT (Processing): 3.00ms | Status: 404
2026-06-07 21:52:40,692 | INFO | [L7_APPLICATION] | API_REQUEST_IN | Method: GET | Path: /
2026-06-07 21:52:40,692 | INFO | [L6_PRESENTATION] | DE-ENCAPSULATION | Received Data PDU (Size: 0 bytes)
2026-06-07 21:52:40,695 | INFO | [L4_TRANSPORT] | SEGMENT_COMPLETE | Total RTT (Processing): 2.28ms | Status: 404
2026-06-07 21:53:23,650 | INFO | [L7_APPLICATION] | API_REQUEST_IN | Method: GET | Path: /docs
2026-06-07 21:53:23,651 | INFO | [L6_PRESENTATION] | DE-ENCAPSULATION | Received Data PDU (Size: 0 bytes)
2026-06-07 21:53:23,655 | INFO | [L4_TRANSPORT] | SEGMENT_COMPLETE | Total RTT (Processing): 5.01ms | Status: 200
2026-06-07 21:53:53,343 | INFO | [L7_APPLICATION] | API_REQUEST_IN | Method: GET | Path: /docs
2026-06-07 21:53:53,343 | INFO | [L6_PRESENTATION] | DE-ENCAPSULATION | Received Data PDU (Size: 0 bytes)
2026-06-07 21:53:53,346 | INFO | [L4_TRANSPORT] | SEGMENT_COMPLETE | Total RTT (Processing): 2.19ms | Status: 200
2026-06-07 21:54:16,291 | INFO | [L7_APPLICATION] | API_REQUEST_IN | Method: GET | Path: /api/v1/students/
2026-06-07 21:54:16,291 | INFO | [L6_PRESENTATION] | DE-ENCAPSULATION | Received Data PDU (Size: 0 bytes)
2026-06-07 21:54:16,296 | INFO | [DATABASE_LAYER] | ENDPOINT_CALL | GET /students/ - skip: 0, limit: 100
2026-06-07 21:54:16,300 | INFO | [DATABASE_LAYER] | SQL_QUERY | SELECT students OFFSET 0 LIMIT 100
2026-06-07 21:54:16,312 | INFO | [L7_APPLICATION] | API_REQUEST_IN | Method: GET | Path: /api/v1/buses/
2026-06-07 21:54:16,313 | INFO | [L6_PRESENTATION] | DE-ENCAPSULATION | Received Data PDU (Size: 0 bytes)
2026-06-07 21:54:16,316 | INFO | [L7_APPLICATION] | API_REQUEST_IN | Method: GET | Path: /api/v1/bicycles/
2026-06-07 21:54:16,318 | INFO | [L6_PRESENTATION] | DE-ENCAPSULATION | Received Data PDU (Size: 0 bytes)
2026-06-07 21:54:16,320 | INFO | [L7_APPLICATION] | API_REQUEST_IN | Method: GET | Path: /api/v1/drivers/
2026-06-07 21:54:16,324 | INFO | [L6_PRESENTATION] | DE-ENCAPSULATION | Received Data PDU (Size: 0 bytes)
2026-06-07 21:54:16,331 | INFO | [L7_APPLICATION] | API_REQUEST_IN | Method: GET | Path: /api/v1/taxis/
2026-06-07 21:54:16,335 | INFO | [L6_PRESENTATION] | DE-ENCAPSULATION | Received Data PDU (Size: 0 bytes)
2026-06-07 21:54:16,340 | INFO | [DATABASE_LAYER] | ENDPOINT_CALL | GET /buses/ - skip: 0, limit: 100
2026-06-07 21:54:16,345 | INFO | [DATABASE_LAYER] | SQL_QUERY | SELECT buses OFFSET 0 LIMIT 100
2026-06-07 21:54:16,351 | INFO | [DATABASE_LAYER] | ENDPOINT_CALL | GET /bicycles/ - skip: 0, limit: 100
2026-06-07 21:54:16,359 | INFO | [DATABASE_LAYER] | SQL_QUERY | SELECT bicycles OFFSET 0 LIMIT 100
2026-06-07 21:54:16,374 | INFO | [DATABASE_LAYER] | ENDPOINT_CALL | GET /drivers/ - skip: 0, limit: 100
2026-06-07 21:54:16,383 | INFO | [DATABASE_LAYER] | SQL_QUERY | SELECT drivers OFFSET 0 LIMIT 100
2026-06-07 21:54:16,397 | INFO | [DATABASE_LAYER] | ENDPOINT_CALL | GET /taxis/ - skip: 0, limit: 100
2026-06-07 21:54:16,399 | INFO | [DATABASE_LAYER] | SQL_QUERY | SELECT taxis OFFSET 0 LIMIT 100
2026-06-07 21:54:16,418 | INFO | [L4_TRANSPORT] | SEGMENT_COMPLETE | Total RTT (Processing): 126.65ms | Status: 200
2026-06-07 21:54:16,437 | INFO | [L4_TRANSPORT] | SEGMENT_COMPLETE | Total RTT (Processing): 124.46ms | Status: 200
2026-06-07 21:54:16,441 | INFO | [L4_TRANSPORT] | SEGMENT_COMPLETE | Total RTT (Processing): 110.85ms | Status: 200
2026-06-07 21:54:16,450 | INFO | [L4_TRANSPORT] | SEGMENT_COMPLETE | Total RTT (Processing): 135.56ms | Status: 200
2026-06-07 21:54:16,474 | INFO | [L4_TRANSPORT] | SEGMENT_COMPLETE | Total RTT (Processing): 153.34ms | Status: 200
2026-06-07 21:54:16,481 | INFO | [L7_APPLICATION] | API_REQUEST_IN | Method: GET | Path: /api/v1/buses/
2026-06-07 21:54:16,482 | INFO | [L6_PRESENTATION] | DE-ENCAPSULATION | Received Data PDU (Size: 0 bytes)
2026-06-07 21:54:16,501 | INFO | [DATABASE_LAYER] | ENDPOINT_CALL | GET /buses/ - skip: 0, limit: 100
2026-06-07 21:54:16,508 | INFO | [DATABASE_LAYER] | SQL_QUERY | SELECT buses OFFSET 0 LIMIT 100
2026-06-07 21:54:16,513 | INFO | [L7_APPLICATION] | API_REQUEST_IN | Method: GET | Path: /api/v1/students/
2026-06-07 21:54:16,516 | INFO | [L6_PRESENTATION] | DE-ENCAPSULATION | Received Data PDU (Size: 0 bytes)
2026-06-07 21:54:16,524 | INFO | [DATABASE_LAYER] | ENDPOINT_CALL | GET /students/ - skip: 0, limit: 100
2026-06-07 21:54:16,527 | INFO | [DATABASE_LAYER] | SQL_QUERY | SELECT students OFFSET 0 LIMIT 100
2026-06-07 21:54:16,533 | INFO | [L7_APPLICATION] | API_REQUEST_IN | Method: GET | Path: /api/v1/taxis/
2026-06-07 21:54:16,537 | INFO | [L6_PRESENTATION] | DE-ENCAPSULATION | Received Data PDU (Size: 0 bytes)
2026-06-07 21:54:16,548 | INFO | [DATABASE_LAYER] | ENDPOINT_CALL | GET /taxis/ - skip: 0, limit: 100
2026-06-07 21:54:16,550 | INFO | [DATABASE_LAYER] | SQL_QUERY | SELECT taxis OFFSET 0 LIMIT 100
2026-06-07 21:54:16,555 | INFO | [L7_APPLICATION] | API_REQUEST_IN | Method: GET | Path: /api/v1/bicycles/
2026-06-07 21:54:16,561 | INFO | [L6_PRESENTATION] | DE-ENCAPSULATION | Received Data PDU (Size: 0 bytes)
2026-06-07 21:54:16,569 | INFO | [DATABASE_LAYER] | ENDPOINT_CALL | GET /bicycles/ - skip: 0, limit: 100
2026-06-07 21:54:16,575 | INFO | [DATABASE_LAYER] | SQL_QUERY | SELECT bicycles OFFSET 0 LIMIT 100
2026-06-07 21:54:16,591 | INFO | [L7_APPLICATION] | API_REQUEST_IN | Method: GET | Path: /api/v1/drivers/
2026-06-07 21:54:16,597 | INFO | [L6_PRESENTATION] | DE-ENCAPSULATION | Received Data PDU (Size: 0 bytes)
2026-06-07 21:54:16,614 | INFO | [DATABASE_LAYER] | ENDPOINT_CALL | GET /drivers/ - skip: 0, limit: 100
2026-06-07 21:54:16,616 | INFO | [DATABASE_LAYER] | SQL_QUERY | SELECT drivers OFFSET 0 LIMIT 100
2026-06-07 21:54:16,635 | INFO | [L4_TRANSPORT] | SEGMENT_COMPLETE | Total RTT (Processing): 153.26ms | Status: 200
2026-06-07 21:54:16,653 | INFO | [L4_TRANSPORT] | SEGMENT_COMPLETE | Total RTT (Processing): 139.69ms | Status: 200
2026-06-07 21:54:16,675 | INFO | [L4_TRANSPORT] | SEGMENT_COMPLETE | Total RTT (Processing): 141.96ms | Status: 200
2026-06-07 21:54:16,696 | INFO | [L4_TRANSPORT] | SEGMENT_COMPLETE | Total RTT (Processing): 141.87ms | Status: 200
2026-06-07 21:54:16,703 | INFO | [L4_TRANSPORT] | SEGMENT_COMPLETE | Total RTT (Processing): 113.91ms | Status: 200
2026-06-07 21:54:30,285 | INFO | [L7_APPLICATION] | API_REQUEST_IN | Method: GET | Path: /api/v1/students/
2026-06-07 21:54:30,285 | INFO | [L6_PRESENTATION] | DE-ENCAPSULATION | Received Data PDU (Size: 0 bytes)
2026-06-07 21:54:30,287 | INFO | [DATABASE_LAYER] | ENDPOINT_CALL | GET /students/ - skip: 0, limit: 100
2026-06-07 21:54:30,289 | INFO | [DATABASE_LAYER] | SQL_QUERY | SELECT students OFFSET 0 LIMIT 100
2026-06-07 21:54:30,299 | INFO | [L7_APPLICATION] | API_REQUEST_IN | Method: GET | Path: /api/v1/buses/
2026-06-07 21:54:30,300 | INFO | [L6_PRESENTATION] | DE-ENCAPSULATION | Received Data PDU (Size: 0 bytes)
2026-06-07 21:54:30,301 | INFO | [L7_APPLICATION] | API_REQUEST_IN | Method: GET | Path: /api/v1/drivers/
2026-06-07 21:54:30,302 | INFO | [L6_PRESENTATION] | DE-ENCAPSULATION | Received Data PDU (Size: 0 bytes)
2026-06-07 21:54:30,307 | INFO | [DATABASE_LAYER] | ENDPOINT_CALL | GET /buses/ - skip: 0, limit: 100
2026-06-07 21:54:30,307 | INFO | [DATABASE_LAYER] | SQL_QUERY | SELECT buses OFFSET 0 LIMIT 100
2026-06-07 21:54:30,311 | INFO | [L4_TRANSPORT] | SEGMENT_COMPLETE | Total RTT (Processing): 25.01ms | Status: 200
2026-06-07 21:54:30,313 | INFO | [DATABASE_LAYER] | ENDPOINT_CALL | GET /drivers/ - skip: 0, limit: 100
2026-06-07 21:54:30,315 | INFO | [DATABASE_LAYER] | SQL_QUERY | SELECT drivers OFFSET 0 LIMIT 100
2026-06-07 21:54:30,334 | INFO | [L7_APPLICATION] | API_REQUEST_IN | Method: GET | Path: /api/v1/bicycles/
2026-06-07 21:54:30,338 | INFO | [L6_PRESENTATION] | DE-ENCAPSULATION | Received Data PDU (Size: 0 bytes)
2026-06-07 21:54:30,341 | INFO | [L7_APPLICATION] | API_REQUEST_IN | Method: GET | Path: /api/v1/taxis/
2026-06-07 21:54:30,341 | INFO | [L6_PRESENTATION] | DE-ENCAPSULATION | Received Data PDU (Size: 0 bytes)
2026-06-07 21:54:30,344 | INFO | [DATABASE_LAYER] | ENDPOINT_CALL | GET /bicycles/ - skip: 0, limit: 100
2026-06-07 21:54:30,349 | INFO | [DATABASE_LAYER] | SQL_QUERY | SELECT bicycles OFFSET 0 LIMIT 100
2026-06-07 21:54:30,353 | INFO | [DATABASE_LAYER] | ENDPOINT_CALL | GET /taxis/ - skip: 0, limit: 100
2026-06-07 21:54:30,355 | INFO | [DATABASE_LAYER] | SQL_QUERY | SELECT taxis OFFSET 0 LIMIT 100
2026-06-07 21:54:30,358 | INFO | [L4_TRANSPORT] | SEGMENT_COMPLETE | Total RTT (Processing): 57.05ms | Status: 200
2026-06-07 21:54:30,361 | INFO | [L4_TRANSPORT] | SEGMENT_COMPLETE | Total RTT (Processing): 61.79ms | Status: 200
2026-06-07 21:54:30,366 | INFO | [L7_APPLICATION] | API_REQUEST_IN | Method: GET | Path: /api/v1/students/
2026-06-07 21:54:30,368 | INFO | [L6_PRESENTATION] | DE-ENCAPSULATION | Received Data PDU (Size: 0 bytes)
2026-06-07 21:54:30,375 | INFO | [DATABASE_LAYER] | ENDPOINT_CALL | GET /students/ - skip: 0, limit: 100
2026-06-07 21:54:30,375 | INFO | [DATABASE_LAYER] | SQL_QUERY | SELECT students OFFSET 0 LIMIT 100
2026-06-07 21:54:30,386 | INFO | [L7_APPLICATION] | API_REQUEST_IN | Method: GET | Path: /api/v1/drivers/
2026-06-07 21:54:30,387 | INFO | [L6_PRESENTATION] | DE-ENCAPSULATION | Received Data PDU (Size: 0 bytes)
2026-06-07 21:54:30,389 | INFO | [DATABASE_LAYER] | ENDPOINT_CALL | GET /drivers/ - skip: 0, limit: 100
2026-06-07 21:54:30,391 | INFO | [DATABASE_LAYER] | SQL_QUERY | SELECT drivers OFFSET 0 LIMIT 100
2026-06-07 21:54:30,392 | INFO | [L4_TRANSPORT] | SEGMENT_COMPLETE | Total RTT (Processing): 51.75ms | Status: 200
2026-06-07 21:54:30,394 | INFO | [L4_TRANSPORT] | SEGMENT_COMPLETE | Total RTT (Processing): 59.51ms | Status: 200
2026-06-07 21:54:30,395 | INFO | [L7_APPLICATION] | API_REQUEST_IN | Method: GET | Path: /api/v1/buses/
2026-06-07 21:54:30,396 | INFO | [L6_PRESENTATION] | DE-ENCAPSULATION | Received Data PDU (Size: 0 bytes)
2026-06-07 21:54:30,400 | INFO | [DATABASE_LAYER] | ENDPOINT_CALL | GET /buses/ - skip: 0, limit: 100
2026-06-07 21:54:30,402 | INFO | [DATABASE_LAYER] | SQL_QUERY | SELECT buses OFFSET 0 LIMIT 100
2026-06-07 21:54:30,407 | INFO | [L4_TRANSPORT] | SEGMENT_COMPLETE | Total RTT (Processing): 41.24ms | Status: 200
2026-06-07 21:54:30,414 | INFO | [L7_APPLICATION] | API_REQUEST_IN | Method: GET | Path: /api/v1/taxis/
2026-06-07 21:54:30,415 | INFO | [L6_PRESENTATION] | DE-ENCAPSULATION | Received Data PDU (Size: 0 bytes)
2026-06-07 21:54:30,420 | INFO | [DATABASE_LAYER] | ENDPOINT_CALL | GET /taxis/ - skip: 0, limit: 100
2026-06-07 21:54:30,421 | INFO | [DATABASE_LAYER] | SQL_QUERY | SELECT taxis OFFSET 0 LIMIT 100
2026-06-07 21:54:30,424 | INFO | [L4_TRANSPORT] | SEGMENT_COMPLETE | Total RTT (Processing): 28.91ms | Status: 200
2026-06-07 21:54:30,425 | INFO | [L4_TRANSPORT] | SEGMENT_COMPLETE | Total RTT (Processing): 39.21ms | Status: 200
2026-06-07 21:54:30,426 | INFO | [L7_APPLICATION] | API_REQUEST_IN | Method: GET | Path: /api/v1/bicycles/
2026-06-07 21:54:30,427 | INFO | [L6_PRESENTATION] | DE-ENCAPSULATION | Received Data PDU (Size: 0 bytes)
2026-06-07 21:54:30,428 | INFO | [DATABASE_LAYER] | ENDPOINT_CALL | GET /bicycles/ - skip: 0, limit: 100
2026-06-07 21:54:30,428 | INFO | [DATABASE_LAYER] | SQL_QUERY | SELECT bicycles OFFSET 0 LIMIT 100
2026-06-07 21:54:30,442 | INFO | [L4_TRANSPORT] | SEGMENT_COMPLETE | Total RTT (Processing): 15.65ms | Status: 200
2026-06-07 21:54:30,442 | INFO | [L4_TRANSPORT] | SEGMENT_COMPLETE | Total RTT (Processing): 27.38ms | Status: 200
2026-06-07 21:55:26,148 | INFO | [L7_APPLICATION] | API_REQUEST_IN | Method: GET | Path: /api/v1/students/
2026-06-07 21:55:26,149 | INFO | [L6_PRESENTATION] | DE-ENCAPSULATION | Received Data PDU (Size: 0 bytes)
2026-06-07 21:55:26,151 | INFO | [DATABASE_LAYER] | ENDPOINT_CALL | GET /students/ - skip: 0, limit: 100
2026-06-07 21:55:26,152 | INFO | [DATABASE_LAYER] | SQL_QUERY | SELECT students OFFSET 0 LIMIT 100
2026-06-07 21:55:26,154 | INFO | [L7_APPLICATION] | API_REQUEST_IN | Method: GET | Path: /api/v1/drivers/
2026-06-07 21:55:26,155 | INFO | [L6_PRESENTATION] | DE-ENCAPSULATION | Received Data PDU (Size: 0 bytes)
2026-06-07 21:55:26,155 | INFO | [L7_APPLICATION] | API_REQUEST_IN | Method: GET | Path: /api/v1/buses/
2026-06-07 21:55:26,157 | INFO | [L6_PRESENTATION] | DE-ENCAPSULATION | Received Data PDU (Size: 0 bytes)
2026-06-07 21:55:26,160 | INFO | [DATABASE_LAYER] | ENDPOINT_CALL | GET /drivers/ - skip: 0, limit: 100
2026-06-07 21:55:26,161 | INFO | [DATABASE_LAYER] | SQL_QUERY | SELECT drivers OFFSET 0 LIMIT 100
2026-06-07 21:55:26,165 | INFO | [DATABASE_LAYER] | ENDPOINT_CALL | GET /buses/ - skip: 0, limit: 100
2026-06-07 21:55:26,165 | INFO | [DATABASE_LAYER] | SQL_QUERY | SELECT buses OFFSET 0 LIMIT 100
2026-06-07 21:55:26,169 | INFO | [L7_APPLICATION] | API_REQUEST_IN | Method: GET | Path: /api/v1/taxis/
2026-06-07 21:55:26,169 | INFO | [L6_PRESENTATION] | DE-ENCAPSULATION | Received Data PDU (Size: 0 bytes)
2026-06-07 21:55:26,169 | INFO | [L7_APPLICATION] | API_REQUEST_IN | Method: GET | Path: /api/v1/bicycles/
2026-06-07 21:55:26,169 | INFO | [L6_PRESENTATION] | DE-ENCAPSULATION | Received Data PDU (Size: 0 bytes)
2026-06-07 21:55:26,175 | INFO | [DATABASE_LAYER] | ENDPOINT_CALL | GET /taxis/ - skip: 0, limit: 100
2026-06-07 21:55:26,175 | INFO | [DATABASE_LAYER] | SQL_QUERY | SELECT taxis OFFSET 0 LIMIT 100
2026-06-07 21:55:26,180 | INFO | [DATABASE_LAYER] | ENDPOINT_CALL | GET /bicycles/ - skip: 0, limit: 100
2026-06-07 21:55:26,180 | INFO | [DATABASE_LAYER] | SQL_QUERY | SELECT bicycles OFFSET 0 LIMIT 100
2026-06-07 21:55:26,182 | INFO | [L4_TRANSPORT] | SEGMENT_COMPLETE | Total RTT (Processing): 33.85ms | Status: 200
2026-06-07 21:55:26,182 | INFO | [L4_TRANSPORT] | SEGMENT_COMPLETE | Total RTT (Processing): 27.36ms | Status: 200
2026-06-07 21:55:26,188 | INFO | [L4_TRANSPORT] | SEGMENT_COMPLETE | Total RTT (Processing): 32.47ms | Status: 200
2026-06-07 21:55:26,195 | INFO | [L4_TRANSPORT] | SEGMENT_COMPLETE | Total RTT (Processing): 25.75ms | Status: 200
2026-06-07 21:55:26,196 | INFO | [L4_TRANSPORT] | SEGMENT_COMPLETE | Total RTT (Processing): 27.17ms | Status: 200
2026-06-07 21:55:26,198 | INFO | [L7_APPLICATION] | API_REQUEST_IN | Method: GET | Path: /api/v1/drivers/
2026-06-07 21:55:26,198 | INFO | [L6_PRESENTATION] | DE-ENCAPSULATION | Received Data PDU (Size: 0 bytes)
2026-06-07 21:55:26,200 | INFO | [DATABASE_LAYER] | ENDPOINT_CALL | GET /drivers/ - skip: 0, limit: 100
2026-06-07 21:55:26,200 | INFO | [DATABASE_LAYER] | SQL_QUERY | SELECT drivers OFFSET 0 LIMIT 100
2026-06-07 21:55:26,208 | INFO | [L7_APPLICATION] | API_REQUEST_IN | Method: GET | Path: /api/v1/students/
2026-06-07 21:55:26,208 | INFO | [L6_PRESENTATION] | DE-ENCAPSULATION | Received Data PDU (Size: 0 bytes)
2026-06-07 21:55:26,209 | INFO | [L7_APPLICATION] | API_REQUEST_IN | Method: GET | Path: /api/v1/buses/
2026-06-07 21:55:26,211 | INFO | [L6_PRESENTATION] | DE-ENCAPSULATION | Received Data PDU (Size: 0 bytes)
2026-06-07 21:55:26,214 | INFO | [DATABASE_LAYER] | ENDPOINT_CALL | GET /students/ - skip: 0, limit: 100
2026-06-07 21:55:26,215 | INFO | [DATABASE_LAYER] | SQL_QUERY | SELECT students OFFSET 0 LIMIT 100
2026-06-07 21:55:26,218 | INFO | [DATABASE_LAYER] | ENDPOINT_CALL | GET /buses/ - skip: 0, limit: 100
2026-06-07 21:55:26,219 | INFO | [DATABASE_LAYER] | SQL_QUERY | SELECT buses OFFSET 0 LIMIT 100
2026-06-07 21:55:26,221 | INFO | [L7_APPLICATION] | API_REQUEST_IN | Method: GET | Path: /api/v1/bicycles/
2026-06-07 21:55:26,222 | INFO | [L6_PRESENTATION] | DE-ENCAPSULATION | Received Data PDU (Size: 0 bytes)
2026-06-07 21:55:26,224 | INFO | [DATABASE_LAYER] | ENDPOINT_CALL | GET /bicycles/ - skip: 0, limit: 100
2026-06-07 21:55:26,225 | INFO | [DATABASE_LAYER] | SQL_QUERY | SELECT bicycles OFFSET 0 LIMIT 100
2026-06-07 21:55:26,229 | INFO | [L7_APPLICATION] | API_REQUEST_IN | Method: GET | Path: /api/v1/taxis/
2026-06-07 21:55:26,231 | INFO | [L6_PRESENTATION] | DE-ENCAPSULATION | Received Data PDU (Size: 0 bytes)
2026-06-07 21:55:26,232 | INFO | [L4_TRANSPORT] | SEGMENT_COMPLETE | Total RTT (Processing): 33.97ms | Status: 200
2026-06-07 21:55:26,234 | INFO | [DATABASE_LAYER] | ENDPOINT_CALL | GET /taxis/ - skip: 0, limit: 100
2026-06-07 21:55:26,234 | INFO | [DATABASE_LAYER] | SQL_QUERY | SELECT taxis OFFSET 0 LIMIT 100
2026-06-07 21:55:26,236 | INFO | [L4_TRANSPORT] | SEGMENT_COMPLETE | Total RTT (Processing): 27.68ms | Status: 200
2026-06-07 21:55:26,236 | INFO | [L4_TRANSPORT] | SEGMENT_COMPLETE | Total RTT (Processing): 26.01ms | Status: 200
2026-06-07 21:55:26,243 | INFO | [L4_TRANSPORT] | SEGMENT_COMPLETE | Total RTT (Processing): 22.52ms | Status: 200
2026-06-07 21:55:26,250 | INFO | [L4_TRANSPORT] | SEGMENT_COMPLETE | Total RTT (Processing): 21.24ms | Status: 200
2026-06-07 21:56:00,935 | INFO | [L7_APPLICATION] | API_REQUEST_IN | Method: GET | Path: /redoc
2026-06-07 21:56:00,935 | INFO | [L6_PRESENTATION] | DE-ENCAPSULATION | Received Data PDU (Size: 0 bytes)
2026-06-07 21:56:00,937 | INFO | [L4_TRANSPORT] | SEGMENT_COMPLETE | Total RTT (Processing): 2.07ms | Status: 200
2026-06-12 16:41:28,651 | INFO | [L7_APPLICATION] | API_REQUEST_IN | Method: GET | Path: /docs
2026-06-12 16:41:28,653 | INFO | [L6_PRESENTATION] | DE-ENCAPSULATION | Received Data PDU (Size: 0 bytes)
2026-06-12 16:41:28,655 | INFO | [L4_TRANSPORT] | SEGMENT_COMPLETE | Total RTT (Processing): 4.00ms | Status: 200
2026-06-12 16:43:10,407 | INFO | [L7_APPLICATION] | API_REQUEST_IN | Method: GET | Path: /api/v1/students/
2026-06-12 16:43:10,411 | INFO | [L6_PRESENTATION] | DE-ENCAPSULATION | Received Data PDU (Size: 0 bytes)
2026-06-12 16:43:10,444 | INFO | [DATABASE_LAYER] | ENDPOINT_CALL | GET /students/ - skip: 0, limit: 100
2026-06-12 16:43:10,449 | INFO | [DATABASE_LAYER] | SQL_QUERY | SELECT students OFFSET 0 LIMIT 100
2026-06-12 16:43:10,491 | INFO | [L4_TRANSPORT] | SEGMENT_COMPLETE | Total RTT (Processing): 84.43ms | Status: 200
2026-06-12 16:43:10,601 | INFO | [L7_APPLICATION] | API_REQUEST_IN | Method: GET | Path: /favicon.ico
2026-06-12 16:43:10,604 | INFO | [L6_PRESENTATION] | DE-ENCAPSULATION | Received Data PDU (Size: 0 bytes)
2026-06-12 16:43:10,607 | INFO | [L4_TRANSPORT] | SEGMENT_COMPLETE | Total RTT (Processing): 6.35ms | Status: 404
2026-06-12 16:43:59,063 | INFO | [L7_APPLICATION] | API_REQUEST_IN | Method: GET | Path: /redoc
2026-06-12 16:43:59,065 | INFO | [L6_PRESENTATION] | DE-ENCAPSULATION | Received Data PDU (Size: 0 bytes)
2026-06-12 16:43:59,068 | INFO | [L4_TRANSPORT] | SEGMENT_COMPLETE | Total RTT (Processing): 5.21ms | Status: 200
2026-06-12 16:44:02,864 | INFO | [L7_APPLICATION] | API_REQUEST_IN | Method: GET | Path: /redoc
2026-06-12 16:44:02,864 | INFO | [L6_PRESENTATION] | DE-ENCAPSULATION | Received Data PDU (Size: 0 bytes)
2026-06-12 16:44:02,869 | INFO | [L4_TRANSPORT] | SEGMENT_COMPLETE | Total RTT (Processing): 5.28ms | Status: 200
2026-06-12 16:44:28,954 | INFO | [L7_APPLICATION] | API_REQUEST_IN | Method: GET | Path: /docs
2026-06-12 16:44:28,956 | INFO | [L6_PRESENTATION] | DE-ENCAPSULATION | Received Data PDU (Size: 0 bytes)
2026-06-12 16:44:28,961 | INFO | [L4_TRANSPORT] | SEGMENT_COMPLETE | Total RTT (Processing): 6.47ms | Status: 200
2026-06-12 16:44:55,480 | INFO | [L7_APPLICATION] | API_REQUEST_IN | Method: GET | Path: /api/v1/students/
2026-06-12 16:44:55,481 | INFO | [L6_PRESENTATION] | DE-ENCAPSULATION | Received Data PDU (Size: 0 bytes)
2026-06-12 16:44:55,486 | INFO | [DATABASE_LAYER] | ENDPOINT_CALL | GET /students/ - skip: 0, limit: 100
2026-06-12 16:44:55,486 | INFO | [DATABASE_LAYER] | SQL_QUERY | SELECT students OFFSET 0 LIMIT 100
2026-06-12 16:44:55,492 | INFO | [L7_APPLICATION] | API_REQUEST_IN | Method: GET | Path: /api/v1/drivers/
2026-06-12 16:44:55,494 | INFO | [L6_PRESENTATION] | DE-ENCAPSULATION | Received Data PDU (Size: 0 bytes)
2026-06-12 16:44:55,500 | INFO | [L7_APPLICATION] | API_REQUEST_IN | Method: GET | Path: /api/v1/taxis/
2026-06-12 16:44:55,503 | INFO | [L6_PRESENTATION] | DE-ENCAPSULATION | Received Data PDU (Size: 0 bytes)
2026-06-12 16:44:55,505 | INFO | [L7_APPLICATION] | API_REQUEST_IN | Method: GET | Path: /api/v1/bicycles/
2026-06-12 16:44:55,507 | INFO | [L6_PRESENTATION] | DE-ENCAPSULATION | Received Data PDU (Size: 0 bytes)
2026-06-12 16:44:55,530 | INFO | [DATABASE_LAYER] | ENDPOINT_CALL | GET /drivers/ - skip: 0, limit: 100
2026-06-12 16:44:55,532 | INFO | [DATABASE_LAYER] | SQL_QUERY | SELECT drivers OFFSET 0 LIMIT 100
2026-06-12 16:44:55,566 | INFO | [DATABASE_LAYER] | ENDPOINT_CALL | GET /taxis/ - skip: 0, limit: 100
2026-06-12 16:44:55,569 | INFO | [DATABASE_LAYER] | SQL_QUERY | SELECT taxis OFFSET 0 LIMIT 100
2026-06-12 16:44:55,600 | INFO | [DATABASE_LAYER] | ENDPOINT_CALL | GET /bicycles/ - skip: 0, limit: 100
2026-06-12 16:44:55,601 | INFO | [DATABASE_LAYER] | SQL_QUERY | SELECT bicycles OFFSET 0 LIMIT 100
2026-06-12 16:44:55,610 | INFO | [L7_APPLICATION] | API_REQUEST_IN | Method: GET | Path: /api/v1/buses/
2026-06-12 16:44:55,611 | INFO | [L6_PRESENTATION] | DE-ENCAPSULATION | Received Data PDU (Size: 0 bytes)
2026-06-12 16:44:55,637 | INFO | [DATABASE_LAYER] | ENDPOINT_CALL | GET /buses/ - skip: 0, limit: 100
2026-06-12 16:44:55,640 | INFO | [DATABASE_LAYER] | SQL_QUERY | SELECT buses OFFSET 0 LIMIT 100
2026-06-12 16:44:55,669 | INFO | [L4_TRANSPORT] | SEGMENT_COMPLETE | Total RTT (Processing): 188.68ms | Status: 200
2026-06-12 16:44:55,711 | INFO | [L7_APPLICATION] | API_REQUEST_IN | Method: GET | Path: /api/v1/students/
2026-06-12 16:44:55,720 | INFO | [L6_PRESENTATION] | DE-ENCAPSULATION | Received Data PDU (Size: 0 bytes)
2026-06-12 16:44:55,730 | INFO | [DATABASE_LAYER] | ENDPOINT_CALL | GET /students/ - skip: 0, limit: 100
2026-06-12 16:44:55,732 | INFO | [DATABASE_LAYER] | SQL_QUERY | SELECT students OFFSET 0 LIMIT 100
2026-06-12 16:44:55,741 | INFO | [L4_TRANSPORT] | SEGMENT_COMPLETE | Total RTT (Processing): 29.65ms | Status: 200
2026-06-12 16:44:55,865 | INFO | [L4_TRANSPORT] | SEGMENT_COMPLETE | Total RTT (Processing): 373.11ms | Status: 200
2026-06-12 16:44:55,873 | INFO | [L7_APPLICATION] | API_REQUEST_IN | Method: GET | Path: /api/v1/drivers/
2026-06-12 16:44:55,874 | INFO | [L6_PRESENTATION] | DE-ENCAPSULATION | Received Data PDU (Size: 0 bytes)
2026-06-12 16:44:55,878 | INFO | [DATABASE_LAYER] | ENDPOINT_CALL | GET /drivers/ - skip: 0, limit: 100
2026-06-12 16:44:55,879 | INFO | [DATABASE_LAYER] | SQL_QUERY | SELECT drivers OFFSET 0 LIMIT 100
2026-06-12 16:44:55,887 | INFO | [L4_TRANSPORT] | SEGMENT_COMPLETE | Total RTT (Processing): 381.55ms | Status: 200
2026-06-12 16:44:55,888 | INFO | [L4_TRANSPORT] | SEGMENT_COMPLETE | Total RTT (Processing): 388.08ms | Status: 200
2026-06-12 16:44:55,908 | INFO | [L7_APPLICATION] | API_REQUEST_IN | Method: GET | Path: /api/v1/taxis/
2026-06-12 16:44:55,909 | INFO | [L6_PRESENTATION] | DE-ENCAPSULATION | Received Data PDU (Size: 0 bytes)
2026-06-12 16:44:55,911 | INFO | [L7_APPLICATION] | API_REQUEST_IN | Method: GET | Path: /api/v1/bicycles/
2026-06-12 16:44:55,912 | INFO | [L6_PRESENTATION] | DE-ENCAPSULATION | Received Data PDU (Size: 0 bytes)
2026-06-12 16:44:55,918 | INFO | [DATABASE_LAYER] | ENDPOINT_CALL | GET /taxis/ - skip: 0, limit: 100
2026-06-12 16:44:55,920 | INFO | [DATABASE_LAYER] | SQL_QUERY | SELECT taxis OFFSET 0 LIMIT 100
2026-06-12 16:44:55,929 | INFO | [DATABASE_LAYER] | ENDPOINT_CALL | GET /bicycles/ - skip: 0, limit: 100
2026-06-12 16:44:55,940 | INFO | [DATABASE_LAYER] | SQL_QUERY | SELECT bicycles OFFSET 0 LIMIT 100
2026-06-12 16:44:55,943 | INFO | [L4_TRANSPORT] | SEGMENT_COMPLETE | Total RTT (Processing): 69.97ms | Status: 200
2026-06-12 16:44:55,961 | INFO | [L4_TRANSPORT] | SEGMENT_COMPLETE | Total RTT (Processing): 50.91ms | Status: 200
2026-06-12 16:44:55,972 | INFO | [L4_TRANSPORT] | SEGMENT_COMPLETE | Total RTT (Processing): 362.72ms | Status: 200
2026-06-12 16:44:55,975 | INFO | [L4_TRANSPORT] | SEGMENT_COMPLETE | Total RTT (Processing): 70.73ms | Status: 200
2026-06-12 16:44:55,989 | INFO | [L7_APPLICATION] | API_REQUEST_IN | Method: GET | Path: /api/v1/buses/
2026-06-12 16:44:55,990 | INFO | [L6_PRESENTATION] | DE-ENCAPSULATION | Received Data PDU (Size: 0 bytes)
2026-06-12 16:44:55,992 | INFO | [DATABASE_LAYER] | ENDPOINT_CALL | GET /buses/ - skip: 0, limit: 100
2026-06-12 16:44:55,994 | INFO | [DATABASE_LAYER] | SQL_QUERY | SELECT buses OFFSET 0 LIMIT 100
2026-06-12 16:44:56,010 | INFO | [L4_TRANSPORT] | SEGMENT_COMPLETE | Total RTT (Processing): 20.24ms | Status: 200
2026-06-12 17:14:52,104 | INFO | [L7_APPLICATION] | API_REQUEST_IN | Method: GET | Path: /api/v1/students/
2026-06-12 17:14:52,105 | INFO | [L6_PRESENTATION] | DE-ENCAPSULATION | Received Data PDU (Size: 0 bytes)
2026-06-12 17:14:52,115 | INFO | [DATABASE_LAYER] | ENDPOINT_CALL | GET /students/ - skip: 0, limit: 100
2026-06-12 17:14:52,122 | INFO | [DATABASE_LAYER] | SQL_QUERY | SELECT students OFFSET 0 LIMIT 100
2026-06-12 17:14:52,144 | INFO | [L7_APPLICATION] | API_REQUEST_IN | Method: GET | Path: /api/v1/drivers/
2026-06-12 17:14:52,145 | INFO | [L6_PRESENTATION] | DE-ENCAPSULATION | Received Data PDU (Size: 0 bytes)
2026-06-12 17:14:52,147 | INFO | [L7_APPLICATION] | API_REQUEST_IN | Method: GET | Path: /api/v1/taxis/
2026-06-12 17:14:52,149 | INFO | [L6_PRESENTATION] | DE-ENCAPSULATION | Received Data PDU (Size: 0 bytes)
2026-06-12 17:14:52,154 | INFO | [L7_APPLICATION] | API_REQUEST_IN | Method: GET | Path: /api/v1/bicycles/
2026-06-12 17:14:52,156 | INFO | [L6_PRESENTATION] | DE-ENCAPSULATION | Received Data PDU (Size: 0 bytes)
2026-06-12 17:14:52,156 | INFO | [L7_APPLICATION] | API_REQUEST_IN | Method: GET | Path: /api/v1/buses/
2026-06-12 17:14:52,160 | INFO | [L6_PRESENTATION] | DE-ENCAPSULATION | Received Data PDU (Size: 0 bytes)
2026-06-12 17:14:52,164 | INFO | [DATABASE_LAYER] | ENDPOINT_CALL | GET /drivers/ - skip: 0, limit: 100
2026-06-12 17:14:52,167 | INFO | [DATABASE_LAYER] | SQL_QUERY | SELECT drivers OFFSET 0 LIMIT 100
2026-06-12 17:14:52,196 | INFO | [DATABASE_LAYER] | ENDPOINT_CALL | GET /taxis/ - skip: 0, limit: 100
2026-06-12 17:14:52,198 | INFO | [DATABASE_LAYER] | SQL_QUERY | SELECT taxis OFFSET 0 LIMIT 100
2026-06-12 17:14:52,214 | INFO | [DATABASE_LAYER] | ENDPOINT_CALL | GET /bicycles/ - skip: 0, limit: 100
2026-06-12 17:14:52,216 | INFO | [DATABASE_LAYER] | SQL_QUERY | SELECT bicycles OFFSET 0 LIMIT 100
2026-06-12 17:14:52,229 | INFO | [DATABASE_LAYER] | ENDPOINT_CALL | GET /buses/ - skip: 0, limit: 100
2026-06-12 17:14:52,229 | INFO | [DATABASE_LAYER] | SQL_QUERY | SELECT buses OFFSET 0 LIMIT 100
2026-06-12 17:14:52,294 | INFO | [L4_TRANSPORT] | SEGMENT_COMPLETE | Total RTT (Processing): 188.01ms | Status: 200
2026-06-12 17:14:52,402 | INFO | [L4_TRANSPORT] | SEGMENT_COMPLETE | Total RTT (Processing): 258.04ms | Status: 200
2026-06-12 17:14:52,404 | INFO | [L4_TRANSPORT] | SEGMENT_COMPLETE | Total RTT (Processing): 249.54ms | Status: 200
2026-06-12 17:14:52,404 | INFO | [L4_TRANSPORT] | SEGMENT_COMPLETE | Total RTT (Processing): 257.03ms | Status: 200
2026-06-12 17:14:52,421 | INFO | [L4_TRANSPORT] | SEGMENT_COMPLETE | Total RTT (Processing): 264.83ms | Status: 200
2026-06-12 17:15:01,286 | INFO | [L7_APPLICATION] | API_REQUEST_IN | Method: POST | Path: /api/v1/students/
2026-06-12 17:15:01,286 | INFO | [L6_PRESENTATION] | DE-ENCAPSULATION | Received Data PDU (Size: 116 bytes)
2026-06-12 17:15:01,312 | INFO | [DATABASE_LAYER] | ENDPOINT_CALL | POST /students/ - matric_id: hahahaha
2026-06-12 17:15:01,312 | INFO | [DATABASE_LAYER] | SQL_QUERY | SELECT/UPSERT student WHERE matric_id='hahahaha'
2026-06-12 17:15:21,533 | INFO | [L7_APPLICATION] | API_REQUEST_IN | Method: GET | Path: /api/v1/students/
2026-06-12 17:15:21,535 | INFO | [L6_PRESENTATION] | DE-ENCAPSULATION | Received Data PDU (Size: 0 bytes)
2026-06-12 17:15:21,539 | INFO | [DATABASE_LAYER] | ENDPOINT_CALL | GET /students/ - skip: 0, limit: 100
2026-06-12 17:15:21,541 | INFO | [DATABASE_LAYER] | SQL_QUERY | SELECT students OFFSET 0 LIMIT 100
2026-06-12 17:15:21,557 | INFO | [L4_TRANSPORT] | SEGMENT_COMPLETE | Total RTT (Processing): 24.03ms | Status: 200
2026-06-12 17:15:21,828 | INFO | [L7_APPLICATION] | API_REQUEST_IN | Method: GET | Path: /favicon.ico
2026-06-12 17:15:21,832 | INFO | [L6_PRESENTATION] | DE-ENCAPSULATION | Received Data PDU (Size: 0 bytes)
2026-06-12 17:15:21,836 | INFO | [L4_TRANSPORT] | SEGMENT_COMPLETE | Total RTT (Processing): 3.39ms | Status: 404
2026-06-12 17:19:59,211 | INFO | [L7_APPLICATION] | API_REQUEST_IN | Method: GET | Path: /api/v1/students/
2026-06-12 17:19:59,211 | INFO | [L6_PRESENTATION] | DE-ENCAPSULATION | Received Data PDU (Size: 0 bytes)
2026-06-12 17:19:59,217 | INFO | [DATABASE_LAYER] | ENDPOINT_CALL | GET /students/ - skip: 0, limit: 100
2026-06-12 17:19:59,220 | INFO | [DATABASE_LAYER] | SQL_QUERY | SELECT students OFFSET 0 LIMIT 100
2026-06-12 17:19:59,232 | INFO | [L7_APPLICATION] | API_REQUEST_IN | Method: GET | Path: /api/v1/drivers/
2026-06-12 17:19:59,234 | INFO | [L6_PRESENTATION] | DE-ENCAPSULATION | Received Data PDU (Size: 0 bytes)
2026-06-12 17:19:59,234 | INFO | [L7_APPLICATION] | API_REQUEST_IN | Method: GET | Path: /api/v1/taxis/
2026-06-12 17:19:59,236 | INFO | [L6_PRESENTATION] | DE-ENCAPSULATION | Received Data PDU (Size: 0 bytes)
2026-06-12 17:19:59,238 | INFO | [L7_APPLICATION] | API_REQUEST_IN | Method: GET | Path: /api/v1/buses/
2026-06-12 17:19:59,238 | INFO | [L6_PRESENTATION] | DE-ENCAPSULATION | Received Data PDU (Size: 0 bytes)
2026-06-12 17:19:59,240 | INFO | [L7_APPLICATION] | API_REQUEST_IN | Method: GET | Path: /api/v1/bicycles/
2026-06-12 17:19:59,242 | INFO | [L6_PRESENTATION] | DE-ENCAPSULATION | Received Data PDU (Size: 0 bytes)
2026-06-12 17:19:59,244 | INFO | [DATABASE_LAYER] | ENDPOINT_CALL | GET /drivers/ - skip: 0, limit: 100
2026-06-12 17:19:59,247 | INFO | [DATABASE_LAYER] | SQL_QUERY | SELECT drivers OFFSET 0 LIMIT 100
2026-06-12 17:19:59,252 | INFO | [DATABASE_LAYER] | ENDPOINT_CALL | GET /taxis/ - skip: 0, limit: 100
2026-06-12 17:19:59,254 | INFO | [DATABASE_LAYER] | SQL_QUERY | SELECT taxis OFFSET 0 LIMIT 100
2026-06-12 17:19:59,258 | INFO | [DATABASE_LAYER] | ENDPOINT_CALL | GET /buses/ - skip: 0, limit: 100
2026-06-12 17:19:59,260 | INFO | [DATABASE_LAYER] | SQL_QUERY | SELECT buses OFFSET 0 LIMIT 100
2026-06-12 17:19:59,262 | INFO | [DATABASE_LAYER] | ENDPOINT_CALL | GET /bicycles/ - skip: 0, limit: 100
2026-06-12 17:19:59,266 | INFO | [DATABASE_LAYER] | SQL_QUERY | SELECT bicycles OFFSET 0 LIMIT 100
2026-06-12 17:19:59,270 | INFO | [L4_TRANSPORT] | SEGMENT_COMPLETE | Total RTT (Processing): 58.63ms | Status: 200
2026-06-12 17:19:59,284 | INFO | [L4_TRANSPORT] | SEGMENT_COMPLETE | Total RTT (Processing): 52.65ms | Status: 200
2026-06-12 17:19:59,289 | INFO | [L4_TRANSPORT] | SEGMENT_COMPLETE | Total RTT (Processing): 51.82ms | Status: 200
2026-06-12 17:19:59,292 | INFO | [L4_TRANSPORT] | SEGMENT_COMPLETE | Total RTT (Processing): 52.68ms | Status: 200
2026-06-12 17:19:59,295 | INFO | [L4_TRANSPORT] | SEGMENT_COMPLETE | Total RTT (Processing): 60.87ms | Status: 200
2026-06-12 17:20:17,054 | INFO | [L7_APPLICATION] | API_REQUEST_IN | Method: GET | Path: /api/v1/students/
2026-06-12 17:20:17,056 | INFO | [L6_PRESENTATION] | DE-ENCAPSULATION | Received Data PDU (Size: 0 bytes)
2026-06-12 17:20:17,061 | INFO | [DATABASE_LAYER] | ENDPOINT_CALL | GET /students/ - skip: 0, limit: 100
2026-06-12 17:20:17,063 | INFO | [DATABASE_LAYER] | SQL_QUERY | SELECT students OFFSET 0 LIMIT 100
2026-06-12 17:20:17,075 | INFO | [L7_APPLICATION] | API_REQUEST_IN | Method: GET | Path: /api/v1/drivers/
2026-06-12 17:20:17,076 | INFO | [L6_PRESENTATION] | DE-ENCAPSULATION | Received Data PDU (Size: 0 bytes)
2026-06-12 17:20:17,083 | INFO | [L4_TRANSPORT] | SEGMENT_COMPLETE | Total RTT (Processing): 29.09ms | Status: 200
2026-06-12 17:20:17,085 | INFO | [DATABASE_LAYER] | ENDPOINT_CALL | GET /drivers/ - skip: 0, limit: 100
2026-06-12 17:20:17,087 | INFO | [DATABASE_LAYER] | SQL_QUERY | SELECT drivers OFFSET 0 LIMIT 100
2026-06-12 17:20:17,091 | INFO | [L7_APPLICATION] | API_REQUEST_IN | Method: GET | Path: /api/v1/taxis/
2026-06-12 17:20:17,093 | INFO | [L6_PRESENTATION] | DE-ENCAPSULATION | Received Data PDU (Size: 0 bytes)
2026-06-12 17:20:17,097 | INFO | [L7_APPLICATION] | API_REQUEST_IN | Method: GET | Path: /api/v1/buses/
2026-06-12 17:20:17,099 | INFO | [L6_PRESENTATION] | DE-ENCAPSULATION | Received Data PDU (Size: 0 bytes)
2026-06-12 17:20:17,106 | INFO | [DATABASE_LAYER] | ENDPOINT_CALL | GET /taxis/ - skip: 0, limit: 100
2026-06-12 17:20:17,106 | INFO | [DATABASE_LAYER] | SQL_QUERY | SELECT taxis OFFSET 0 LIMIT 100
2026-06-12 17:20:17,112 | INFO | [DATABASE_LAYER] | ENDPOINT_CALL | GET /buses/ - skip: 0, limit: 100
2026-06-12 17:20:17,113 | INFO | [DATABASE_LAYER] | SQL_QUERY | SELECT buses OFFSET 0 LIMIT 100
2026-06-12 17:20:17,119 | INFO | [L7_APPLICATION] | API_REQUEST_IN | Method: GET | Path: /api/v1/bicycles/
2026-06-12 17:20:17,122 | INFO | [L6_PRESENTATION] | DE-ENCAPSULATION | Received Data PDU (Size: 0 bytes)
2026-06-12 17:20:17,127 | INFO | [DATABASE_LAYER] | ENDPOINT_CALL | GET /bicycles/ - skip: 0, limit: 100
2026-06-12 17:20:17,129 | INFO | [DATABASE_LAYER] | SQL_QUERY | SELECT bicycles OFFSET 0 LIMIT 100
2026-06-12 17:20:17,132 | INFO | [L4_TRANSPORT] | SEGMENT_COMPLETE | Total RTT (Processing): 56.37ms | Status: 200
2026-06-12 17:20:17,144 | INFO | [L4_TRANSPORT] | SEGMENT_COMPLETE | Total RTT (Processing): 52.85ms | Status: 200
2026-06-12 17:20:17,144 | INFO | [L4_TRANSPORT] | SEGMENT_COMPLETE | Total RTT (Processing): 47.25ms | Status: 200
2026-06-12 17:20:17,150 | INFO | [L4_TRANSPORT] | SEGMENT_COMPLETE | Total RTT (Processing): 30.74ms | Status: 200
2026-06-12 17:20:26,570 | INFO | [L7_APPLICATION] | API_REQUEST_IN | Method: POST | Path: /api/v1/students/
2026-06-12 17:20:26,570 | INFO | [L6_PRESENTATION] | DE-ENCAPSULATION | Received Data PDU (Size: 113 bytes)
2026-06-12 17:20:26,585 | INFO | [DATABASE_LAYER] | ENDPOINT_CALL | POST /students/ - matric_id: 309211
2026-06-12 17:20:26,585 | INFO | [DATABASE_LAYER] | SQL_QUERY | SELECT/UPSERT student WHERE matric_id='309211'
2026-06-12 17:20:30,171 | INFO | [L7_APPLICATION] | API_REQUEST_IN | Method: POST | Path: /api/v1/students/
2026-06-12 17:20:30,173 | INFO | [L6_PRESENTATION] | DE-ENCAPSULATION | Received Data PDU (Size: 113 bytes)
2026-06-12 17:20:30,185 | INFO | [DATABASE_LAYER] | ENDPOINT_CALL | POST /students/ - matric_id: 309211
2026-06-12 17:20:30,187 | INFO | [DATABASE_LAYER] | SQL_QUERY | SELECT/UPSERT student WHERE matric_id='309211'
2026-06-12 17:21:57,583 | INFO | [L7_APPLICATION] | API_REQUEST_IN | Method: GET | Path: /api/v1/students/
2026-06-12 17:21:57,585 | INFO | [L6_PRESENTATION] | DE-ENCAPSULATION | Received Data PDU (Size: 0 bytes)
2026-06-12 17:21:57,588 | INFO | [DATABASE_LAYER] | ENDPOINT_CALL | GET /students/ - skip: 0, limit: 100
2026-06-12 17:21:57,590 | INFO | [DATABASE_LAYER] | SQL_QUERY | SELECT students OFFSET 0 LIMIT 100
2026-06-12 17:21:57,601 | INFO | [L7_APPLICATION] | API_REQUEST_IN | Method: GET | Path: /api/v1/drivers/
2026-06-12 17:21:57,602 | INFO | [L6_PRESENTATION] | DE-ENCAPSULATION | Received Data PDU (Size: 0 bytes)
2026-06-12 17:21:57,604 | INFO | [L7_APPLICATION] | API_REQUEST_IN | Method: GET | Path: /api/v1/buses/
2026-06-12 17:21:57,605 | INFO | [L6_PRESENTATION] | DE-ENCAPSULATION | Received Data PDU (Size: 0 bytes)
2026-06-12 17:21:57,611 | INFO | [DATABASE_LAYER] | ENDPOINT_CALL | GET /drivers/ - skip: 0, limit: 100
2026-06-12 17:21:57,611 | INFO | [DATABASE_LAYER] | SQL_QUERY | SELECT drivers OFFSET 0 LIMIT 100
2026-06-12 17:21:57,618 | INFO | [DATABASE_LAYER] | ENDPOINT_CALL | GET /buses/ - skip: 0, limit: 100
2026-06-12 17:21:57,618 | INFO | [DATABASE_LAYER] | SQL_QUERY | SELECT buses OFFSET 0 LIMIT 100
2026-06-12 17:21:57,623 | INFO | [L7_APPLICATION] | API_REQUEST_IN | Method: GET | Path: /api/v1/taxis/
2026-06-12 17:21:57,624 | INFO | [L6_PRESENTATION] | DE-ENCAPSULATION | Received Data PDU (Size: 0 bytes)
2026-06-12 17:21:57,628 | INFO | [DATABASE_LAYER] | ENDPOINT_CALL | GET /taxis/ - skip: 0, limit: 100
2026-06-12 17:21:57,628 | INFO | [DATABASE_LAYER] | SQL_QUERY | SELECT taxis OFFSET 0 LIMIT 100
2026-06-12 17:21:57,634 | INFO | [L4_TRANSPORT] | SEGMENT_COMPLETE | Total RTT (Processing): 51.09ms | Status: 200
2026-06-12 17:21:57,634 | INFO | [L7_APPLICATION] | API_REQUEST_IN | Method: GET | Path: /api/v1/bicycles/
2026-06-12 17:21:57,634 | INFO | [L6_PRESENTATION] | DE-ENCAPSULATION | Received Data PDU (Size: 0 bytes)
2026-06-12 17:21:57,644 | INFO | [DATABASE_LAYER] | ENDPOINT_CALL | GET /bicycles/ - skip: 0, limit: 100
2026-06-12 17:21:57,646 | INFO | [DATABASE_LAYER] | SQL_QUERY | SELECT bicycles OFFSET 0 LIMIT 100
2026-06-12 17:21:57,651 | INFO | [L4_TRANSPORT] | SEGMENT_COMPLETE | Total RTT (Processing): 47.15ms | Status: 200
2026-06-12 17:21:57,651 | INFO | [L4_TRANSPORT] | SEGMENT_COMPLETE | Total RTT (Processing): 49.78ms | Status: 200
2026-06-12 17:21:57,663 | INFO | [L4_TRANSPORT] | SEGMENT_COMPLETE | Total RTT (Processing): 39.74ms | Status: 200
2026-06-12 17:21:57,672 | INFO | [L4_TRANSPORT] | SEGMENT_COMPLETE | Total RTT (Processing): 37.71ms | Status: 200
2026-06-12 17:22:09,083 | INFO | [L7_APPLICATION] | API_REQUEST_IN | Method: POST | Path: /api/v1/students/
2026-06-12 17:22:09,085 | INFO | [L6_PRESENTATION] | DE-ENCAPSULATION | Received Data PDU (Size: 117 bytes)
2026-06-12 17:22:09,090 | INFO | [DATABASE_LAYER] | ENDPOINT_CALL | POST /students/ - matric_id: 121233
2026-06-12 17:22:09,093 | INFO | [DATABASE_LAYER] | SQL_QUERY | SELECT/UPSERT student WHERE matric_id='121233'
2026-06-12 17:25:27,666 | INFO | [L7_APPLICATION] | API_REQUEST_IN | Method: GET | Path: /api/v1/students/
2026-06-12 17:25:27,667 | INFO | [L6_PRESENTATION] | DE-ENCAPSULATION | Received Data PDU (Size: 0 bytes)
2026-06-12 17:25:27,675 | INFO | [DATABASE_LAYER] | ENDPOINT_CALL | GET /students/ - skip: 0, limit: 100
2026-06-12 17:25:27,676 | INFO | [DATABASE_LAYER] | SQL_QUERY | SELECT students OFFSET 0 LIMIT 100
2026-06-12 17:25:27,693 | INFO | [L7_APPLICATION] | API_REQUEST_IN | Method: GET | Path: /api/v1/buses/
2026-06-12 17:25:27,694 | INFO | [L6_PRESENTATION] | DE-ENCAPSULATION | Received Data PDU (Size: 0 bytes)
2026-06-12 17:25:27,696 | INFO | [L7_APPLICATION] | API_REQUEST_IN | Method: GET | Path: /api/v1/taxis/
2026-06-12 17:25:27,699 | INFO | [L6_PRESENTATION] | DE-ENCAPSULATION | Received Data PDU (Size: 0 bytes)
2026-06-12 17:25:27,701 | INFO | [L7_APPLICATION] | API_REQUEST_IN | Method: GET | Path: /api/v1/drivers/
2026-06-12 17:25:27,706 | INFO | [L6_PRESENTATION] | DE-ENCAPSULATION | Received Data PDU (Size: 0 bytes)
2026-06-12 17:25:27,711 | INFO | [L7_APPLICATION] | API_REQUEST_IN | Method: GET | Path: /api/v1/bicycles/
2026-06-12 17:25:27,712 | INFO | [L6_PRESENTATION] | DE-ENCAPSULATION | Received Data PDU (Size: 0 bytes)
2026-06-12 17:25:27,718 | INFO | [DATABASE_LAYER] | ENDPOINT_CALL | GET /buses/ - skip: 0, limit: 100
2026-06-12 17:25:27,719 | INFO | [DATABASE_LAYER] | SQL_QUERY | SELECT buses OFFSET 0 LIMIT 100
2026-06-12 17:25:27,731 | INFO | [DATABASE_LAYER] | ENDPOINT_CALL | GET /taxis/ - skip: 0, limit: 100
2026-06-12 17:25:27,731 | INFO | [DATABASE_LAYER] | SQL_QUERY | SELECT taxis OFFSET 0 LIMIT 100
2026-06-12 17:25:27,739 | INFO | [DATABASE_LAYER] | ENDPOINT_CALL | GET /drivers/ - skip: 0, limit: 100
2026-06-12 17:25:27,740 | INFO | [DATABASE_LAYER] | SQL_QUERY | SELECT drivers OFFSET 0 LIMIT 100
2026-06-12 17:25:27,750 | INFO | [DATABASE_LAYER] | ENDPOINT_CALL | GET /bicycles/ - skip: 0, limit: 100
2026-06-12 17:25:27,751 | INFO | [DATABASE_LAYER] | SQL_QUERY | SELECT bicycles OFFSET 0 LIMIT 100
2026-06-12 17:25:27,769 | INFO | [L4_TRANSPORT] | SEGMENT_COMPLETE | Total RTT (Processing): 102.68ms | Status: 200
2026-06-12 17:25:27,846 | INFO | [L4_TRANSPORT] | SEGMENT_COMPLETE | Total RTT (Processing): 152.36ms | Status: 200
2026-06-12 17:25:27,863 | INFO | [L4_TRANSPORT] | SEGMENT_COMPLETE | Total RTT (Processing): 162.05ms | Status: 200
2026-06-12 17:25:27,881 | INFO | [L4_TRANSPORT] | SEGMENT_COMPLETE | Total RTT (Processing): 184.57ms | Status: 200
2026-06-12 17:25:27,898 | INFO | [L4_TRANSPORT] | SEGMENT_COMPLETE | Total RTT (Processing): 188.44ms | Status: 200
2026-06-12 17:25:38,551 | INFO | [L7_APPLICATION] | API_REQUEST_IN | Method: GET | Path: /api/v1/students/
2026-06-12 17:25:38,552 | INFO | [L6_PRESENTATION] | DE-ENCAPSULATION | Received Data PDU (Size: 0 bytes)
2026-06-12 17:25:38,558 | INFO | [DATABASE_LAYER] | ENDPOINT_CALL | GET /students/ - skip: 0, limit: 100
2026-06-12 17:25:38,559 | INFO | [DATABASE_LAYER] | SQL_QUERY | SELECT students OFFSET 0 LIMIT 100
2026-06-12 17:25:38,568 | INFO | [L7_APPLICATION] | API_REQUEST_IN | Method: GET | Path: /api/v1/taxis/
2026-06-12 17:25:38,569 | INFO | [L6_PRESENTATION] | DE-ENCAPSULATION | Received Data PDU (Size: 0 bytes)
2026-06-12 17:25:38,571 | INFO | [L7_APPLICATION] | API_REQUEST_IN | Method: GET | Path: /api/v1/bicycles/
2026-06-12 17:25:38,572 | INFO | [L6_PRESENTATION] | DE-ENCAPSULATION | Received Data PDU (Size: 0 bytes)
2026-06-12 17:25:38,575 | INFO | [L7_APPLICATION] | API_REQUEST_IN | Method: GET | Path: /api/v1/drivers/
2026-06-12 17:25:38,578 | INFO | [L6_PRESENTATION] | DE-ENCAPSULATION | Received Data PDU (Size: 0 bytes)
2026-06-12 17:25:38,580 | INFO | [L7_APPLICATION] | API_REQUEST_IN | Method: GET | Path: /api/v1/buses/
2026-06-12 17:25:38,583 | INFO | [L6_PRESENTATION] | DE-ENCAPSULATION | Received Data PDU (Size: 0 bytes)
2026-06-12 17:25:38,592 | INFO | [DATABASE_LAYER] | ENDPOINT_CALL | GET /taxis/ - skip: 0, limit: 100
2026-06-12 17:25:38,595 | INFO | [DATABASE_LAYER] | SQL_QUERY | SELECT taxis OFFSET 0 LIMIT 100
2026-06-12 17:25:38,598 | INFO | [DATABASE_LAYER] | ENDPOINT_CALL | GET /bicycles/ - skip: 0, limit: 100
2026-06-12 17:25:38,599 | INFO | [DATABASE_LAYER] | SQL_QUERY | SELECT bicycles OFFSET 0 LIMIT 100
2026-06-12 17:25:38,612 | INFO | [DATABASE_LAYER] | ENDPOINT_CALL | GET /drivers/ - skip: 0, limit: 100
2026-06-12 17:25:38,613 | INFO | [DATABASE_LAYER] | SQL_QUERY | SELECT drivers OFFSET 0 LIMIT 100
2026-06-12 17:25:38,618 | INFO | [DATABASE_LAYER] | ENDPOINT_CALL | GET /buses/ - skip: 0, limit: 100
2026-06-12 17:25:38,619 | INFO | [DATABASE_LAYER] | SQL_QUERY | SELECT buses OFFSET 0 LIMIT 100
2026-06-12 17:25:38,625 | INFO | [L4_TRANSPORT] | SEGMENT_COMPLETE | Total RTT (Processing): 73.81ms | Status: 200
2026-06-12 17:25:38,640 | INFO | [L4_TRANSPORT] | SEGMENT_COMPLETE | Total RTT (Processing): 68.64ms | Status: 200
2026-06-12 17:25:38,642 | INFO | [L4_TRANSPORT] | SEGMENT_COMPLETE | Total RTT (Processing): 66.63ms | Status: 200
2026-06-12 17:25:38,650 | INFO | [L4_TRANSPORT] | SEGMENT_COMPLETE | Total RTT (Processing): 70.61ms | Status: 200
2026-06-12 17:25:38,652 | INFO | [L4_TRANSPORT] | SEGMENT_COMPLETE | Total RTT (Processing): 84.34ms | Status: 200
2026-06-12 17:25:44,734 | INFO | [L7_APPLICATION] | API_REQUEST_IN | Method: POST | Path: /api/v1/students/
2026-06-12 17:25:44,736 | INFO | [L6_PRESENTATION] | DE-ENCAPSULATION | Received Data PDU (Size: 112 bytes)
2026-06-12 17:25:44,747 | INFO | [DATABASE_LAYER] | ENDPOINT_CALL | POST /students/ - matric_id: 23223
2026-06-12 17:25:44,747 | INFO | [DATABASE_LAYER] | SQL_QUERY | SELECT/UPSERT student WHERE matric_id='23223'
2026-06-12 17:35:00,328 | INFO | [L7_APPLICATION] | API_REQUEST_IN | Method: GET | Path: /
2026-06-12 17:35:00,329 | INFO | [L6_PRESENTATION] | DE-ENCAPSULATION | Received Data PDU (Size: 0 bytes)
2026-06-12 17:35:00,330 | INFO | [L4_TRANSPORT] | SEGMENT_COMPLETE | Total RTT (Processing): 3.87ms | Status: 404
2026-06-12 18:31:51,707 | INFO | [L7_APPLICATION] | API_REQUEST_IN | Method: GET | Path: /api/v1/taxis/
2026-06-12 18:31:51,715 | INFO | [L6_PRESENTATION] | DE-ENCAPSULATION | Received Data PDU (Size: 0 bytes)
2026-06-12 18:31:51,720 | INFO | [L7_APPLICATION] | API_REQUEST_IN | Method: GET | Path: /api/v1/buses/
2026-06-12 18:31:51,724 | INFO | [L6_PRESENTATION] | DE-ENCAPSULATION | Received Data PDU (Size: 0 bytes)
2026-06-12 18:31:51,730 | INFO | [L7_APPLICATION] | API_REQUEST_IN | Method: GET | Path: /api/v1/drivers/
2026-06-12 18:31:51,731 | INFO | [L6_PRESENTATION] | DE-ENCAPSULATION | Received Data PDU (Size: 0 bytes)
2026-06-12 18:31:51,732 | INFO | [L7_APPLICATION] | API_REQUEST_IN | Method: GET | Path: /api/v1/students/
2026-06-12 18:31:51,734 | INFO | [L6_PRESENTATION] | DE-ENCAPSULATION | Received Data PDU (Size: 0 bytes)
2026-06-12 18:31:51,736 | INFO | [L7_APPLICATION] | API_REQUEST_IN | Method: GET | Path: /api/v1/bicycles/
2026-06-12 18:31:51,737 | INFO | [L6_PRESENTATION] | DE-ENCAPSULATION | Received Data PDU (Size: 0 bytes)
2026-06-12 18:31:51,808 | INFO | [DATABASE_LAYER] | ENDPOINT_CALL | GET /taxis/ - skip: 0, limit: 100
2026-06-12 18:31:51,816 | INFO | [DATABASE_LAYER] | SQL_QUERY | SELECT taxis OFFSET 0 LIMIT 100
2026-06-12 18:31:51,934 | INFO | [DATABASE_LAYER] | ENDPOINT_CALL | GET /buses/ - skip: 0, limit: 100
2026-06-12 18:31:51,934 | INFO | [DATABASE_LAYER] | SQL_QUERY | SELECT buses OFFSET 0 LIMIT 100
2026-06-12 18:31:51,942 | INFO | [DATABASE_LAYER] | ENDPOINT_CALL | GET /drivers/ - skip: 0, limit: 100
2026-06-12 18:31:51,944 | INFO | [DATABASE_LAYER] | SQL_QUERY | SELECT drivers OFFSET 0 LIMIT 100
2026-06-12 18:31:51,950 | INFO | [DATABASE_LAYER] | ENDPOINT_CALL | GET /students/ - skip: 0, limit: 100
2026-06-12 18:31:51,952 | INFO | [DATABASE_LAYER] | SQL_QUERY | SELECT students OFFSET 0 LIMIT 100
2026-06-12 18:31:51,964 | INFO | [DATABASE_LAYER] | ENDPOINT_CALL | GET /bicycles/ - skip: 0, limit: 100
2026-06-12 18:31:51,969 | INFO | [DATABASE_LAYER] | SQL_QUERY | SELECT bicycles OFFSET 0 LIMIT 100
2026-06-12 18:31:52,015 | INFO | [L4_TRANSPORT] | SEGMENT_COMPLETE | Total RTT (Processing): 295.05ms | Status: 200
2026-06-12 18:31:52,048 | INFO | [L4_TRANSPORT] | SEGMENT_COMPLETE | Total RTT (Processing): 344.26ms | Status: 200
2026-06-12 18:31:52,052 | INFO | [L4_TRANSPORT] | SEGMENT_COMPLETE | Total RTT (Processing): 315.51ms | Status: 200
2026-06-12 18:31:52,053 | INFO | [L4_TRANSPORT] | SEGMENT_COMPLETE | Total RTT (Processing): 320.18ms | Status: 200
2026-06-12 18:31:52,054 | INFO | [L4_TRANSPORT] | SEGMENT_COMPLETE | Total RTT (Processing): 324.56ms | Status: 200
2026-06-12 18:32:09,755 | INFO | [L7_APPLICATION] | API_REQUEST_IN | Method: POST | Path: /api/v1/students/
2026-06-12 18:32:09,755 | INFO | [L6_PRESENTATION] | DE-ENCAPSULATION | Received Data PDU (Size: 116 bytes)
2026-06-12 18:32:09,770 | INFO | [DATABASE_LAYER] | ENDPOINT_CALL | POST /students/ - matric_id: 1211221
2026-06-12 18:32:09,773 | INFO | [DATABASE_LAYER] | SQL_QUERY | SELECT/UPSERT student WHERE matric_id='1211221'
2026-06-12 18:32:15,071 | INFO | [L7_APPLICATION] | API_REQUEST_IN | Method: POST | Path: /api/v1/students/
2026-06-12 18:32:15,071 | INFO | [L6_PRESENTATION] | DE-ENCAPSULATION | Received Data PDU (Size: 115 bytes)
2026-06-12 18:32:15,086 | INFO | [DATABASE_LAYER] | ENDPOINT_CALL | POST /students/ - matric_id: 1211221
2026-06-12 18:32:15,087 | INFO | [DATABASE_LAYER] | SQL_QUERY | SELECT/UPSERT student WHERE matric_id='1211221'
2026-06-12 18:32:31,193 | INFO | [L7_APPLICATION] | API_REQUEST_IN | Method: POST | Path: /api/v1/students/
2026-06-12 18:32:31,193 | INFO | [L6_PRESENTATION] | DE-ENCAPSULATION | Received Data PDU (Size: 115 bytes)
2026-06-12 18:32:31,199 | INFO | [DATABASE_LAYER] | ENDPOINT_CALL | POST /students/ - matric_id: 1211221
2026-06-12 18:32:31,200 | INFO | [DATABASE_LAYER] | SQL_QUERY | SELECT/UPSERT student WHERE matric_id='1211221'
2026-06-12 18:32:58,738 | INFO | [L7_APPLICATION] | API_REQUEST_IN | Method: POST | Path: /api/v1/buses/
2026-06-12 18:32:58,740 | INFO | [L6_PRESENTATION] | DE-ENCAPSULATION | Received Data PDU (Size: 132 bytes)
2026-06-12 18:32:58,750 | INFO | [DATABASE_LAYER] | ENDPOINT_CALL | POST /buses/ - plate_id: busm2
2026-06-12 18:32:58,750 | INFO | [DATABASE_LAYER] | SQL_QUERY | SELECT/UPSERT bus WHERE plate_id='busm2'
2026-06-12 18:32:58,820 | INFO | [L4_TRANSPORT] | SEGMENT_COMPLETE | Total RTT (Processing): 81.96ms | Status: 200
2026-06-12 18:32:58,826 | INFO | [L7_APPLICATION] | API_REQUEST_IN | Method: GET | Path: /api/v1/buses/
2026-06-12 18:32:58,828 | INFO | [L6_PRESENTATION] | DE-ENCAPSULATION | Received Data PDU (Size: 0 bytes)
2026-06-12 18:32:58,831 | INFO | [DATABASE_LAYER] | ENDPOINT_CALL | GET /buses/ - skip: 0, limit: 100
2026-06-12 18:32:58,832 | INFO | [DATABASE_LAYER] | SQL_QUERY | SELECT buses OFFSET 0 LIMIT 100
2026-06-12 18:32:58,837 | INFO | [L4_TRANSPORT] | SEGMENT_COMPLETE | Total RTT (Processing): 11.20ms | Status: 200
2026-06-12 18:33:50,264 | INFO | [L7_APPLICATION] | API_REQUEST_IN | Method: POST | Path: /api/v1/students/
2026-06-12 18:33:50,264 | INFO | [L6_PRESENTATION] | DE-ENCAPSULATION | Received Data PDU (Size: 116 bytes)
2026-06-12 18:33:50,267 | INFO | [DATABASE_LAYER] | ENDPOINT_CALL | POST /students/ - matric_id: 9918181
2026-06-12 18:33:50,267 | INFO | [DATABASE_LAYER] | SQL_QUERY | SELECT/UPSERT student WHERE matric_id='9918181'
2026-06-12 18:33:50,289 | INFO | [L4_TRANSPORT] | SEGMENT_COMPLETE | Total RTT (Processing): 25.66ms | Status: 200
2026-06-12 18:33:50,299 | INFO | [L7_APPLICATION] | API_REQUEST_IN | Method: GET | Path: /api/v1/students/
2026-06-12 18:33:50,300 | INFO | [L6_PRESENTATION] | DE-ENCAPSULATION | Received Data PDU (Size: 0 bytes)
2026-06-12 18:33:50,301 | INFO | [DATABASE_LAYER] | ENDPOINT_CALL | GET /students/ - skip: 0, limit: 100
2026-06-12 18:33:50,302 | INFO | [DATABASE_LAYER] | SQL_QUERY | SELECT students OFFSET 0 LIMIT 100
2026-06-12 18:33:50,308 | INFO | [L4_TRANSPORT] | SEGMENT_COMPLETE | Total RTT (Processing): 8.19ms | Status: 200
2026-06-12 19:44:12,456 | INFO | [L7_APPLICATION] | API_REQUEST_IN | Method: GET | Path: /api/v1/students/
2026-06-12 19:44:12,463 | INFO | [L6_PRESENTATION] | DE-ENCAPSULATION | Received Data PDU (Size: 0 bytes)
2026-06-12 19:44:12,472 | INFO | [DATABASE_LAYER] | ENDPOINT_CALL | GET /students/ - skip: 0, limit: 100
2026-06-12 19:44:12,472 | INFO | [DATABASE_LAYER] | SQL_QUERY | SELECT students OFFSET 0 LIMIT 100
2026-06-12 19:44:12,488 | INFO | [L7_APPLICATION] | API_REQUEST_IN | Method: GET | Path: /api/v1/drivers/
2026-06-12 19:44:12,488 | INFO | [L6_PRESENTATION] | DE-ENCAPSULATION | Received Data PDU (Size: 0 bytes)
2026-06-12 19:44:12,496 | INFO | [DATABASE_LAYER] | ENDPOINT_CALL | GET /drivers/ - skip: 0, limit: 100
2026-06-12 19:44:12,497 | INFO | [DATABASE_LAYER] | SQL_QUERY | SELECT drivers OFFSET 0 LIMIT 100
2026-06-12 19:44:12,504 | INFO | [L7_APPLICATION] | API_REQUEST_IN | Method: GET | Path: /api/v1/bicycles/
2026-06-12 19:44:12,504 | INFO | [L6_PRESENTATION] | DE-ENCAPSULATION | Received Data PDU (Size: 0 bytes)
2026-06-12 19:44:12,513 | INFO | [L7_APPLICATION] | API_REQUEST_IN | Method: GET | Path: /api/v1/taxis/
2026-06-12 19:44:12,515 | INFO | [L6_PRESENTATION] | DE-ENCAPSULATION | Received Data PDU (Size: 0 bytes)
2026-06-12 19:44:12,517 | INFO | [L7_APPLICATION] | API_REQUEST_IN | Method: GET | Path: /api/v1/buses/
2026-06-12 19:44:12,517 | INFO | [L6_PRESENTATION] | DE-ENCAPSULATION | Received Data PDU (Size: 0 bytes)
2026-06-12 19:44:12,517 | INFO | [DATABASE_LAYER] | ENDPOINT_CALL | GET /bicycles/ - skip: 0, limit: 100
2026-06-12 19:44:12,530 | INFO | [DATABASE_LAYER] | SQL_QUERY | SELECT bicycles OFFSET 0 LIMIT 100
2026-06-12 19:44:12,531 | INFO | [DATABASE_LAYER] | ENDPOINT_CALL | GET /taxis/ - skip: 0, limit: 100
2026-06-12 19:44:12,544 | INFO | [DATABASE_LAYER] | SQL_QUERY | SELECT taxis OFFSET 0 LIMIT 100
2026-06-12 19:44:12,556 | INFO | [DATABASE_LAYER] | ENDPOINT_CALL | GET /buses/ - skip: 0, limit: 100
2026-06-12 19:44:12,560 | INFO | [DATABASE_LAYER] | SQL_QUERY | SELECT buses OFFSET 0 LIMIT 100
2026-06-12 19:44:12,601 | INFO | [L4_TRANSPORT] | SEGMENT_COMPLETE | Total RTT (Processing): 144.42ms | Status: 200
2026-06-12 19:44:12,631 | INFO | [L7_APPLICATION] | API_REQUEST_IN | Method: GET | Path: /api/v1/students/
2026-06-12 19:44:12,633 | INFO | [L6_PRESENTATION] | DE-ENCAPSULATION | Received Data PDU (Size: 0 bytes)
2026-06-12 19:44:12,637 | INFO | [DATABASE_LAYER] | ENDPOINT_CALL | GET /students/ - skip: 0, limit: 100
2026-06-12 19:44:12,639 | INFO | [DATABASE_LAYER] | SQL_QUERY | SELECT students OFFSET 0 LIMIT 100
2026-06-12 19:44:12,656 | INFO | [L4_TRANSPORT] | SEGMENT_COMPLETE | Total RTT (Processing): 24.67ms | Status: 200
2026-06-12 19:44:12,670 | INFO | [L4_TRANSPORT] | SEGMENT_COMPLETE | Total RTT (Processing): 182.16ms | Status: 200
2026-06-12 19:44:12,676 | INFO | [L7_APPLICATION] | API_REQUEST_IN | Method: GET | Path: /api/v1/drivers/
2026-06-12 19:44:12,678 | INFO | [L6_PRESENTATION] | DE-ENCAPSULATION | Received Data PDU (Size: 0 bytes)
2026-06-12 19:44:12,682 | INFO | [DATABASE_LAYER] | ENDPOINT_CALL | GET /drivers/ - skip: 0, limit: 100
2026-06-12 19:44:12,682 | INFO | [DATABASE_LAYER] | SQL_QUERY | SELECT drivers OFFSET 0 LIMIT 100
2026-06-12 19:44:12,694 | INFO | [L4_TRANSPORT] | SEGMENT_COMPLETE | Total RTT (Processing): 17.91ms | Status: 200
2026-06-12 19:44:12,715 | INFO | [L4_TRANSPORT] | SEGMENT_COMPLETE | Total RTT (Processing): 211.13ms | Status: 200
2026-06-12 19:44:12,727 | INFO | [L7_APPLICATION] | API_REQUEST_IN | Method: GET | Path: /api/v1/bicycles/
2026-06-12 19:44:12,730 | INFO | [L6_PRESENTATION] | DE-ENCAPSULATION | Received Data PDU (Size: 0 bytes)
2026-06-12 19:44:12,735 | INFO | [DATABASE_LAYER] | ENDPOINT_CALL | GET /bicycles/ - skip: 0, limit: 100
2026-06-12 19:44:12,735 | INFO | [DATABASE_LAYER] | SQL_QUERY | SELECT bicycles OFFSET 0 LIMIT 100
2026-06-12 19:44:12,745 | INFO | [L4_TRANSPORT] | SEGMENT_COMPLETE | Total RTT (Processing): 232.28ms | Status: 200
2026-06-12 19:44:12,745 | INFO | [L4_TRANSPORT] | SEGMENT_COMPLETE | Total RTT (Processing): 228.21ms | Status: 200
2026-06-12 19:44:12,747 | INFO | [L7_APPLICATION] | API_REQUEST_IN | Method: GET | Path: /api/v1/taxis/
2026-06-12 19:44:12,763 | INFO | [L6_PRESENTATION] | DE-ENCAPSULATION | Received Data PDU (Size: 0 bytes)
2026-06-12 19:44:12,766 | INFO | [L4_TRANSPORT] | SEGMENT_COMPLETE | Total RTT (Processing): 38.65ms | Status: 200
2026-06-12 19:44:12,768 | INFO | [DATABASE_LAYER] | ENDPOINT_CALL | GET /taxis/ - skip: 0, limit: 100
2026-06-12 19:44:12,768 | INFO | [DATABASE_LAYER] | SQL_QUERY | SELECT taxis OFFSET 0 LIMIT 100
2026-06-12 19:44:12,768 | INFO | [L7_APPLICATION] | API_REQUEST_IN | Method: GET | Path: /api/v1/buses/
2026-06-12 19:44:12,768 | INFO | [L6_PRESENTATION] | DE-ENCAPSULATION | Received Data PDU (Size: 0 bytes)
2026-06-12 19:44:12,768 | INFO | [DATABASE_LAYER] | ENDPOINT_CALL | GET /buses/ - skip: 0, limit: 100
2026-06-12 19:44:12,768 | INFO | [DATABASE_LAYER] | SQL_QUERY | SELECT buses OFFSET 0 LIMIT 100
2026-06-12 19:44:12,782 | INFO | [L4_TRANSPORT] | SEGMENT_COMPLETE | Total RTT (Processing): 35.36ms | Status: 200
2026-06-12 19:44:12,794 | INFO | [L4_TRANSPORT] | SEGMENT_COMPLETE | Total RTT (Processing): 26.27ms | Status: 200
2026-06-12 19:44:38,794 | INFO | [L7_APPLICATION] | API_REQUEST_IN | Method: POST | Path: /api/v1/students/
2026-06-12 19:44:38,796 | INFO | [L6_PRESENTATION] | DE-ENCAPSULATION | Received Data PDU (Size: 110 bytes)
2026-06-12 19:44:38,817 | INFO | [DATABASE_LAYER] | ENDPOINT_CALL | POST /students/ - matric_id: 009101
2026-06-12 19:44:38,817 | INFO | [DATABASE_LAYER] | SQL_QUERY | SELECT/UPSERT student WHERE matric_id='009101'
2026-06-12 19:44:38,889 | INFO | [L4_TRANSPORT] | SEGMENT_COMPLETE | Total RTT (Processing): 94.95ms | Status: 200
2026-06-12 19:44:38,903 | INFO | [L7_APPLICATION] | API_REQUEST_IN | Method: GET | Path: /api/v1/students/
2026-06-12 19:44:38,903 | INFO | [L6_PRESENTATION] | DE-ENCAPSULATION | Received Data PDU (Size: 0 bytes)
2026-06-12 19:44:38,905 | INFO | [DATABASE_LAYER] | ENDPOINT_CALL | GET /students/ - skip: 0, limit: 100
2026-06-12 19:44:38,905 | INFO | [DATABASE_LAYER] | SQL_QUERY | SELECT students OFFSET 0 LIMIT 100
2026-06-12 19:44:38,922 | INFO | [L4_TRANSPORT] | SEGMENT_COMPLETE | Total RTT (Processing): 18.93ms | Status: 200
2026-06-12 22:14:23,212 | INFO | [L7_APPLICATION] | API_REQUEST_IN | Method: GET | Path: /api/v1/students/
2026-06-12 22:14:23,214 | INFO | [L6_PRESENTATION] | DE-ENCAPSULATION | Received Data PDU (Size: 0 bytes)
2026-06-12 22:14:23,239 | INFO | [DATABASE_LAYER] | ENDPOINT_CALL | GET /students/ - skip: 0, limit: 100
2026-06-12 22:14:23,240 | INFO | [DATABASE_LAYER] | SQL_QUERY | SELECT students OFFSET 0 LIMIT 100
2026-06-12 22:14:23,265 | INFO | [L7_APPLICATION] | API_REQUEST_IN | Method: GET | Path: /api/v1/drivers/
2026-06-12 22:14:23,268 | INFO | [L6_PRESENTATION] | DE-ENCAPSULATION | Received Data PDU (Size: 0 bytes)
2026-06-12 22:14:23,272 | INFO | [L7_APPLICATION] | API_REQUEST_IN | Method: GET | Path: /api/v1/taxis/
2026-06-12 22:14:23,276 | INFO | [L6_PRESENTATION] | DE-ENCAPSULATION | Received Data PDU (Size: 0 bytes)
2026-06-12 22:14:23,281 | INFO | [L7_APPLICATION] | API_REQUEST_IN | Method: GET | Path: /api/v1/buses/
2026-06-12 22:14:23,286 | INFO | [L6_PRESENTATION] | DE-ENCAPSULATION | Received Data PDU (Size: 0 bytes)
2026-06-12 22:14:23,288 | INFO | [L7_APPLICATION] | API_REQUEST_IN | Method: GET | Path: /api/v1/bicycles/
2026-06-12 22:14:23,292 | INFO | [L6_PRESENTATION] | DE-ENCAPSULATION | Received Data PDU (Size: 0 bytes)
2026-06-12 22:14:23,304 | INFO | [DATABASE_LAYER] | ENDPOINT_CALL | GET /drivers/ - skip: 0, limit: 100
2026-06-12 22:14:23,304 | INFO | [DATABASE_LAYER] | SQL_QUERY | SELECT drivers OFFSET 0 LIMIT 100
2026-06-12 22:14:23,328 | INFO | [DATABASE_LAYER] | ENDPOINT_CALL | GET /taxis/ - skip: 0, limit: 100
2026-06-12 22:14:23,328 | INFO | [DATABASE_LAYER] | SQL_QUERY | SELECT taxis OFFSET 0 LIMIT 100
2026-06-12 22:14:23,346 | INFO | [DATABASE_LAYER] | ENDPOINT_CALL | GET /buses/ - skip: 0, limit: 100
2026-06-12 22:14:23,347 | INFO | [DATABASE_LAYER] | SQL_QUERY | SELECT buses OFFSET 0 LIMIT 100
2026-06-12 22:14:23,372 | INFO | [DATABASE_LAYER] | ENDPOINT_CALL | GET /bicycles/ - skip: 0, limit: 100
2026-06-12 22:14:23,372 | INFO | [DATABASE_LAYER] | SQL_QUERY | SELECT bicycles OFFSET 0 LIMIT 100
2026-06-12 22:14:23,458 | INFO | [L4_TRANSPORT] | SEGMENT_COMPLETE | Total RTT (Processing): 245.60ms | Status: 200
2026-06-12 22:14:23,477 | INFO | [L7_APPLICATION] | API_REQUEST_IN | Method: GET | Path: /api/v1/students/
2026-06-12 22:14:23,477 | INFO | [L6_PRESENTATION] | DE-ENCAPSULATION | Received Data PDU (Size: 0 bytes)
2026-06-12 22:14:23,481 | INFO | [DATABASE_LAYER] | ENDPOINT_CALL | GET /students/ - skip: 0, limit: 100
2026-06-12 22:14:23,481 | INFO | [DATABASE_LAYER] | SQL_QUERY | SELECT students OFFSET 0 LIMIT 100
2026-06-12 22:14:23,496 | INFO | [L4_TRANSPORT] | SEGMENT_COMPLETE | Total RTT (Processing): 19.12ms | Status: 200
2026-06-12 22:14:23,551 | INFO | [L4_TRANSPORT] | SEGMENT_COMPLETE | Total RTT (Processing): 278.74ms | Status: 200
2026-06-12 22:14:23,563 | INFO | [L7_APPLICATION] | API_REQUEST_IN | Method: GET | Path: /api/v1/taxis/
2026-06-12 22:14:23,565 | INFO | [L6_PRESENTATION] | DE-ENCAPSULATION | Received Data PDU (Size: 0 bytes)
2026-06-12 22:14:23,570 | INFO | [DATABASE_LAYER] | ENDPOINT_CALL | GET /taxis/ - skip: 0, limit: 100
2026-06-12 22:14:23,570 | INFO | [DATABASE_LAYER] | SQL_QUERY | SELECT taxis OFFSET 0 LIMIT 100
2026-06-12 22:14:23,581 | INFO | [L4_TRANSPORT] | SEGMENT_COMPLETE | Total RTT (Processing): 294.53ms | Status: 200
2026-06-12 22:14:23,583 | INFO | [L4_TRANSPORT] | SEGMENT_COMPLETE | Total RTT (Processing): 301.62ms | Status: 200
2026-06-12 22:14:23,586 | INFO | [L4_TRANSPORT] | SEGMENT_COMPLETE | Total RTT (Processing): 320.92ms | Status: 200
2026-06-12 22:14:23,606 | INFO | [L7_APPLICATION] | API_REQUEST_IN | Method: GET | Path: /api/v1/bicycles/
2026-06-12 22:14:23,610 | INFO | [L6_PRESENTATION] | DE-ENCAPSULATION | Received Data PDU (Size: 0 bytes)
2026-06-12 22:14:23,615 | INFO | [DATABASE_LAYER] | ENDPOINT_CALL | GET /bicycles/ - skip: 0, limit: 100
2026-06-12 22:14:23,619 | INFO | [DATABASE_LAYER] | SQL_QUERY | SELECT bicycles OFFSET 0 LIMIT 100
2026-06-12 22:14:23,625 | INFO | [L7_APPLICATION] | API_REQUEST_IN | Method: GET | Path: /api/v1/buses/
2026-06-12 22:14:23,627 | INFO | [L6_PRESENTATION] | DE-ENCAPSULATION | Received Data PDU (Size: 0 bytes)
2026-06-12 22:14:23,632 | INFO | [DATABASE_LAYER] | ENDPOINT_CALL | GET /buses/ - skip: 0, limit: 100
2026-06-12 22:14:23,633 | INFO | [DATABASE_LAYER] | SQL_QUERY | SELECT buses OFFSET 0 LIMIT 100
2026-06-12 22:14:23,641 | INFO | [L7_APPLICATION] | API_REQUEST_IN | Method: GET | Path: /api/v1/drivers/
2026-06-12 22:14:23,643 | INFO | [L6_PRESENTATION] | DE-ENCAPSULATION | Received Data PDU (Size: 0 bytes)
2026-06-12 22:14:23,650 | INFO | [L4_TRANSPORT] | SEGMENT_COMPLETE | Total RTT (Processing): 88.56ms | Status: 200
2026-06-12 22:14:23,654 | INFO | [DATABASE_LAYER] | ENDPOINT_CALL | GET /drivers/ - skip: 0, limit: 100
2026-06-12 22:14:23,655 | INFO | [DATABASE_LAYER] | SQL_QUERY | SELECT drivers OFFSET 0 LIMIT 100
2026-06-12 22:14:23,664 | INFO | [L4_TRANSPORT] | SEGMENT_COMPLETE | Total RTT (Processing): 57.29ms | Status: 200
2026-06-12 22:14:23,670 | INFO | [L4_TRANSPORT] | SEGMENT_COMPLETE | Total RTT (Processing): 43.45ms | Status: 200
2026-06-12 22:14:23,672 | INFO | [L4_TRANSPORT] | SEGMENT_COMPLETE | Total RTT (Processing): 31.21ms | Status: 200
2026-06-12 22:15:10,857 | INFO | [L7_APPLICATION] | API_REQUEST_IN | Method: POST | Path: /api/v1/drivers/
2026-06-12 22:15:10,857 | INFO | [L6_PRESENTATION] | DE-ENCAPSULATION | Received Data PDU (Size: 100 bytes)
2026-06-12 22:15:10,876 | INFO | [DATABASE_LAYER] | ENDPOINT_CALL | POST /drivers/ - driver_id: DRV
2026-06-12 22:15:10,882 | INFO | [DATABASE_LAYER] | SQL_QUERY | SELECT/UPSERT driver WHERE driver_id='DRV'
2026-06-12 22:15:10,942 | INFO | [L4_TRANSPORT] | SEGMENT_COMPLETE | Total RTT (Processing): 85.27ms | Status: 200
2026-06-12 22:15:10,955 | INFO | [L7_APPLICATION] | API_REQUEST_IN | Method: GET | Path: /api/v1/drivers/
2026-06-12 22:15:10,955 | INFO | [L6_PRESENTATION] | DE-ENCAPSULATION | Received Data PDU (Size: 0 bytes)
2026-06-12 22:15:10,955 | INFO | [DATABASE_LAYER] | ENDPOINT_CALL | GET /drivers/ - skip: 0, limit: 100
2026-06-12 22:15:10,955 | INFO | [DATABASE_LAYER] | SQL_QUERY | SELECT drivers OFFSET 0 LIMIT 100
2026-06-12 22:15:10,965 | INFO | [L4_TRANSPORT] | SEGMENT_COMPLETE | Total RTT (Processing): 9.79ms | Status: 200
2026-06-13 12:47:05,717 | INFO | [L7_APPLICATION] | API_REQUEST_IN | Method: GET | Path: /api/v1/students/
2026-06-13 12:47:05,719 | INFO | [L6_PRESENTATION] | DE-ENCAPSULATION | Received Data PDU (Size: 0 bytes)
2026-06-13 12:47:05,747 | INFO | [DATABASE_LAYER] | ENDPOINT_CALL | GET /students/ - skip: 0, limit: 100
2026-06-13 12:47:05,747 | INFO | [DATABASE_LAYER] | SQL_QUERY | SELECT students OFFSET 0 LIMIT 100
2026-06-13 12:47:05,787 | INFO | [L7_APPLICATION] | API_REQUEST_IN | Method: GET | Path: /api/v1/buses/
2026-06-13 12:47:05,787 | INFO | [L6_PRESENTATION] | DE-ENCAPSULATION | Received Data PDU (Size: 0 bytes)
2026-06-13 12:47:05,792 | INFO | [L7_APPLICATION] | API_REQUEST_IN | Method: GET | Path: /api/v1/drivers/
2026-06-13 12:47:05,797 | INFO | [L6_PRESENTATION] | DE-ENCAPSULATION | Received Data PDU (Size: 0 bytes)
2026-06-13 12:47:05,799 | INFO | [L7_APPLICATION] | API_REQUEST_IN | Method: GET | Path: /api/v1/taxis/
2026-06-13 12:47:05,799 | INFO | [L6_PRESENTATION] | DE-ENCAPSULATION | Received Data PDU (Size: 0 bytes)
2026-06-13 12:47:05,807 | INFO | [L7_APPLICATION] | API_REQUEST_IN | Method: GET | Path: /api/v1/bicycles/
2026-06-13 12:47:05,808 | INFO | [L6_PRESENTATION] | DE-ENCAPSULATION | Received Data PDU (Size: 0 bytes)
2026-06-13 12:47:05,819 | INFO | [DATABASE_LAYER] | ENDPOINT_CALL | GET /buses/ - skip: 0, limit: 100
2026-06-13 12:47:05,829 | INFO | [DATABASE_LAYER] | SQL_QUERY | SELECT buses OFFSET 0 LIMIT 100
2026-06-13 12:47:05,847 | INFO | [DATABASE_LAYER] | ENDPOINT_CALL | GET /drivers/ - skip: 0, limit: 100
2026-06-13 12:47:05,848 | INFO | [DATABASE_LAYER] | SQL_QUERY | SELECT drivers OFFSET 0 LIMIT 100
2026-06-13 12:47:05,867 | INFO | [DATABASE_LAYER] | ENDPOINT_CALL | GET /taxis/ - skip: 0, limit: 100
2026-06-13 12:47:05,868 | INFO | [DATABASE_LAYER] | SQL_QUERY | SELECT taxis OFFSET 0 LIMIT 100
2026-06-13 12:47:05,888 | INFO | [DATABASE_LAYER] | ENDPOINT_CALL | GET /bicycles/ - skip: 0, limit: 100
2026-06-13 12:47:05,889 | INFO | [DATABASE_LAYER] | SQL_QUERY | SELECT bicycles OFFSET 0 LIMIT 100
2026-06-13 12:47:05,931 | INFO | [L4_TRANSPORT] | SEGMENT_COMPLETE | Total RTT (Processing): 213.49ms | Status: 200
2026-06-13 12:47:05,947 | INFO | [L7_APPLICATION] | API_REQUEST_IN | Method: GET | Path: /api/v1/students/
2026-06-13 12:47:05,949 | INFO | [L6_PRESENTATION] | DE-ENCAPSULATION | Received Data PDU (Size: 0 bytes)
2026-06-13 12:47:05,953 | INFO | [DATABASE_LAYER] | ENDPOINT_CALL | GET /students/ - skip: 0, limit: 100
2026-06-13 12:47:05,953 | INFO | [DATABASE_LAYER] | SQL_QUERY | SELECT students OFFSET 0 LIMIT 100
2026-06-13 12:47:05,958 | INFO | [L4_TRANSPORT] | SEGMENT_COMPLETE | Total RTT (Processing): 10.03ms | Status: 200
2026-06-13 12:47:05,998 | INFO | [L4_TRANSPORT] | SEGMENT_COMPLETE | Total RTT (Processing): 198.34ms | Status: 200
2026-06-13 12:47:05,999 | INFO | [L4_TRANSPORT] | SEGMENT_COMPLETE | Total RTT (Processing): 207.64ms | Status: 200
2026-06-13 12:47:05,999 | INFO | [L4_TRANSPORT] | SEGMENT_COMPLETE | Total RTT (Processing): 212.09ms | Status: 200
2026-06-13 12:47:06,013 | INFO | [L7_APPLICATION] | API_REQUEST_IN | Method: GET | Path: /api/v1/taxis/
2026-06-13 12:47:06,019 | INFO | [L6_PRESENTATION] | DE-ENCAPSULATION | Received Data PDU (Size: 0 bytes)
2026-06-13 12:47:06,021 | INFO | [L7_APPLICATION] | API_REQUEST_IN | Method: GET | Path: /api/v1/drivers/
2026-06-13 12:47:06,021 | INFO | [L6_PRESENTATION] | DE-ENCAPSULATION | Received Data PDU (Size: 0 bytes)
2026-06-13 12:47:06,029 | INFO | [DATABASE_LAYER] | ENDPOINT_CALL | GET /taxis/ - skip: 0, limit: 100
2026-06-13 12:47:06,030 | INFO | [DATABASE_LAYER] | SQL_QUERY | SELECT taxis OFFSET 0 LIMIT 100
2026-06-13 12:47:06,030 | INFO | [DATABASE_LAYER] | ENDPOINT_CALL | GET /drivers/ - skip: 0, limit: 100
2026-06-13 12:47:06,030 | INFO | [DATABASE_LAYER] | SQL_QUERY | SELECT drivers OFFSET 0 LIMIT 100
2026-06-13 12:47:06,040 | INFO | [L4_TRANSPORT] | SEGMENT_COMPLETE | Total RTT (Processing): 233.22ms | Status: 200
2026-06-13 12:47:06,040 | INFO | [L7_APPLICATION] | API_REQUEST_IN | Method: GET | Path: /api/v1/buses/
2026-06-13 12:47:06,047 | INFO | [L6_PRESENTATION] | DE-ENCAPSULATION | Received Data PDU (Size: 0 bytes)
2026-06-13 12:47:06,047 | INFO | [DATABASE_LAYER] | ENDPOINT_CALL | GET /buses/ - skip: 0, limit: 100
2026-06-13 12:47:06,047 | INFO | [DATABASE_LAYER] | SQL_QUERY | SELECT buses OFFSET 0 LIMIT 100
2026-06-13 12:47:06,059 | INFO | [L7_APPLICATION] | API_REQUEST_IN | Method: GET | Path: /api/v1/bicycles/
2026-06-13 12:47:06,059 | INFO | [L6_PRESENTATION] | DE-ENCAPSULATION | Received Data PDU (Size: 0 bytes)
2026-06-13 12:47:06,067 | INFO | [DATABASE_LAYER] | ENDPOINT_CALL | GET /bicycles/ - skip: 0, limit: 100
2026-06-13 12:47:06,068 | INFO | [DATABASE_LAYER] | SQL_QUERY | SELECT bicycles OFFSET 0 LIMIT 100
2026-06-13 12:47:06,071 | INFO | [L4_TRANSPORT] | SEGMENT_COMPLETE | Total RTT (Processing): 49.84ms | Status: 200
2026-06-13 12:47:06,071 | INFO | [L4_TRANSPORT] | SEGMENT_COMPLETE | Total RTT (Processing): 58.11ms | Status: 200
2026-06-13 12:47:06,080 | INFO | [L4_TRANSPORT] | SEGMENT_COMPLETE | Total RTT (Processing): 39.76ms | Status: 200
2026-06-13 12:47:06,095 | INFO | [L4_TRANSPORT] | SEGMENT_COMPLETE | Total RTT (Processing): 35.72ms | Status: 200
2026-06-13 12:47:56,779 | INFO | [L7_APPLICATION] | API_REQUEST_IN | Method: POST | Path: /api/v1/students/
2026-06-13 12:47:56,779 | INFO | [L6_PRESENTATION] | DE-ENCAPSULATION | Received Data PDU (Size: 111 bytes)
2026-06-13 12:47:56,790 | INFO | [DATABASE_LAYER] | ENDPOINT_CALL | POST /students/ - matric_id: 200021
2026-06-13 12:47:56,795 | INFO | [DATABASE_LAYER] | SQL_QUERY | SELECT/UPSERT student WHERE matric_id='200021'
2026-06-13 12:47:56,927 | INFO | [L4_TRANSPORT] | SEGMENT_COMPLETE | Total RTT (Processing): 147.98ms | Status: 200
2026-06-13 12:47:56,948 | INFO | [L7_APPLICATION] | API_REQUEST_IN | Method: GET | Path: /api/v1/students/
2026-06-13 12:47:56,949 | INFO | [L6_PRESENTATION] | DE-ENCAPSULATION | Received Data PDU (Size: 0 bytes)
2026-06-13 12:47:56,954 | INFO | [DATABASE_LAYER] | ENDPOINT_CALL | GET /students/ - skip: 0, limit: 100
2026-06-13 12:47:56,955 | INFO | [DATABASE_LAYER] | SQL_QUERY | SELECT students OFFSET 0 LIMIT 100
2026-06-13 12:47:56,962 | INFO | [L4_TRANSPORT] | SEGMENT_COMPLETE | Total RTT (Processing): 14.85ms | Status: 200
2026-06-13 13:18:04,915 | INFO | [L7_APPLICATION] | API_REQUEST_IN | Method: GET | Path: /api/v1/buses/
2026-06-13 13:18:04,917 | INFO | [L6_PRESENTATION] | DE-ENCAPSULATION | Received Data PDU (Size: 0 bytes)
2026-06-13 13:18:04,918 | INFO | [L7_APPLICATION] | API_REQUEST_IN | Method: GET | Path: /api/v1/bicycles/
2026-06-13 13:18:04,918 | INFO | [L6_PRESENTATION] | DE-ENCAPSULATION | Received Data PDU (Size: 0 bytes)
2026-06-13 13:18:04,925 | INFO | [L7_APPLICATION] | API_REQUEST_IN | Method: GET | Path: /api/v1/taxis/
2026-06-13 13:18:04,927 | INFO | [L6_PRESENTATION] | DE-ENCAPSULATION | Received Data PDU (Size: 0 bytes)
2026-06-13 13:18:04,928 | INFO | [L7_APPLICATION] | API_REQUEST_IN | Method: GET | Path: /api/v1/students/
2026-06-13 13:18:04,928 | INFO | [L6_PRESENTATION] | DE-ENCAPSULATION | Received Data PDU (Size: 0 bytes)
2026-06-13 13:18:04,929 | INFO | [L7_APPLICATION] | API_REQUEST_IN | Method: GET | Path: /api/v1/drivers/
2026-06-13 13:18:04,930 | INFO | [L6_PRESENTATION] | DE-ENCAPSULATION | Received Data PDU (Size: 0 bytes)
2026-06-13 13:18:04,940 | INFO | [DATABASE_LAYER] | ENDPOINT_CALL | GET /buses/ - skip: 0, limit: 100
2026-06-13 13:18:04,941 | INFO | [DATABASE_LAYER] | SQL_QUERY | SELECT buses OFFSET 0 LIMIT 100
2026-06-13 13:18:04,959 | INFO | [DATABASE_LAYER] | ENDPOINT_CALL | GET /bicycles/ - skip: 0, limit: 100
2026-06-13 13:18:04,959 | INFO | [DATABASE_LAYER] | SQL_QUERY | SELECT bicycles OFFSET 0 LIMIT 100
2026-06-13 13:18:04,963 | INFO | [DATABASE_LAYER] | ENDPOINT_CALL | GET /taxis/ - skip: 0, limit: 100
2026-06-13 13:18:04,964 | INFO | [DATABASE_LAYER] | SQL_QUERY | SELECT taxis OFFSET 0 LIMIT 100
2026-06-13 13:18:04,968 | INFO | [DATABASE_LAYER] | ENDPOINT_CALL | GET /students/ - skip: 0, limit: 100
2026-06-13 13:18:04,970 | INFO | [DATABASE_LAYER] | SQL_QUERY | SELECT students OFFSET 0 LIMIT 100
2026-06-13 13:18:04,974 | INFO | [DATABASE_LAYER] | ENDPOINT_CALL | GET /drivers/ - skip: 0, limit: 100
2026-06-13 13:18:04,974 | INFO | [DATABASE_LAYER] | SQL_QUERY | SELECT drivers OFFSET 0 LIMIT 100
2026-06-13 13:18:04,989 | INFO | [L4_TRANSPORT] | SEGMENT_COMPLETE | Total RTT (Processing): 74.74ms | Status: 200
2026-06-13 13:18:04,991 | INFO | [L4_TRANSPORT] | SEGMENT_COMPLETE | Total RTT (Processing): 73.25ms | Status: 200
2026-06-13 13:18:04,995 | INFO | [L4_TRANSPORT] | SEGMENT_COMPLETE | Total RTT (Processing): 67.43ms | Status: 200
2026-06-13 13:18:05,001 | INFO | [L4_TRANSPORT] | SEGMENT_COMPLETE | Total RTT (Processing): 75.62ms | Status: 200
2026-06-13 13:18:05,007 | INFO | [L4_TRANSPORT] | SEGMENT_COMPLETE | Total RTT (Processing): 77.89ms | Status: 200
2026-06-13 13:18:16,906 | INFO | [L7_APPLICATION] | API_REQUEST_IN | Method: GET | Path: /api/v1/students/
2026-06-13 13:18:16,907 | INFO | [L6_PRESENTATION] | DE-ENCAPSULATION | Received Data PDU (Size: 0 bytes)
2026-06-13 13:18:16,909 | INFO | [DATABASE_LAYER] | ENDPOINT_CALL | GET /students/ - skip: 0, limit: 100
2026-06-13 13:18:16,910 | INFO | [DATABASE_LAYER] | SQL_QUERY | SELECT students OFFSET 0 LIMIT 100
2026-06-13 13:18:16,922 | INFO | [L7_APPLICATION] | API_REQUEST_IN | Method: GET | Path: /api/v1/buses/
2026-06-13 13:18:16,923 | INFO | [L6_PRESENTATION] | DE-ENCAPSULATION | Received Data PDU (Size: 0 bytes)
2026-06-13 13:18:16,924 | INFO | [L7_APPLICATION] | API_REQUEST_IN | Method: GET | Path: /api/v1/taxis/
2026-06-13 13:18:16,925 | INFO | [L6_PRESENTATION] | DE-ENCAPSULATION | Received Data PDU (Size: 0 bytes)
2026-06-13 13:18:16,926 | INFO | [L7_APPLICATION] | API_REQUEST_IN | Method: GET | Path: /api/v1/drivers/
2026-06-13 13:18:16,927 | INFO | [L6_PRESENTATION] | DE-ENCAPSULATION | Received Data PDU (Size: 0 bytes)
2026-06-13 13:18:16,928 | INFO | [L7_APPLICATION] | API_REQUEST_IN | Method: GET | Path: /api/v1/bicycles/
2026-06-13 13:18:16,929 | INFO | [L6_PRESENTATION] | DE-ENCAPSULATION | Received Data PDU (Size: 0 bytes)
2026-06-13 13:18:16,931 | INFO | [DATABASE_LAYER] | ENDPOINT_CALL | GET /buses/ - skip: 0, limit: 100
2026-06-13 13:18:16,931 | INFO | [DATABASE_LAYER] | SQL_QUERY | SELECT buses OFFSET 0 LIMIT 100
2026-06-13 13:18:16,935 | INFO | [DATABASE_LAYER] | ENDPOINT_CALL | GET /taxis/ - skip: 0, limit: 100
2026-06-13 13:18:16,935 | INFO | [DATABASE_LAYER] | SQL_QUERY | SELECT taxis OFFSET 0 LIMIT 100
2026-06-13 13:18:16,939 | INFO | [DATABASE_LAYER] | ENDPOINT_CALL | GET /drivers/ - skip: 0, limit: 100
2026-06-13 13:18:16,941 | INFO | [DATABASE_LAYER] | SQL_QUERY | SELECT drivers OFFSET 0 LIMIT 100
2026-06-13 13:18:16,949 | INFO | [DATABASE_LAYER] | ENDPOINT_CALL | GET /bicycles/ - skip: 0, limit: 100
2026-06-13 13:18:16,951 | INFO | [DATABASE_LAYER] | SQL_QUERY | SELECT bicycles OFFSET 0 LIMIT 100
2026-06-13 13:18:16,961 | INFO | [L4_TRANSPORT] | SEGMENT_COMPLETE | Total RTT (Processing): 54.73ms | Status: 200
2026-06-13 13:18:16,967 | INFO | [L4_TRANSPORT] | SEGMENT_COMPLETE | Total RTT (Processing): 42.72ms | Status: 200
2026-06-13 13:18:16,969 | INFO | [L4_TRANSPORT] | SEGMENT_COMPLETE | Total RTT (Processing): 46.48ms | Status: 200
2026-06-13 13:18:16,975 | INFO | [L4_TRANSPORT] | SEGMENT_COMPLETE | Total RTT (Processing): 47.36ms | Status: 200
2026-06-13 13:18:16,976 | INFO | [L4_TRANSPORT] | SEGMENT_COMPLETE | Total RTT (Processing): 50.44ms | Status: 200
2026-06-13 13:53:13,643 | INFO | [L7_APPLICATION] | API_REQUEST_IN | Method: GET | Path: /api/v1/students/
2026-06-13 13:53:13,643 | INFO | [L6_PRESENTATION] | DE-ENCAPSULATION | Received Data PDU (Size: 0 bytes)
2026-06-13 13:53:13,651 | INFO | [DATABASE_LAYER] | ENDPOINT_CALL | GET /students/ - skip: 0, limit: 100
2026-06-13 13:53:13,653 | INFO | [DATABASE_LAYER] | SQL_QUERY | SELECT students OFFSET 0 LIMIT 100
2026-06-13 13:53:13,657 | INFO | [L7_APPLICATION] | API_REQUEST_IN | Method: GET | Path: /api/v1/drivers/
2026-06-13 13:53:13,657 | INFO | [L6_PRESENTATION] | DE-ENCAPSULATION | Received Data PDU (Size: 0 bytes)
2026-06-13 13:53:13,669 | INFO | [DATABASE_LAYER] | ENDPOINT_CALL | GET /drivers/ - skip: 0, limit: 100
2026-06-13 13:53:13,670 | INFO | [DATABASE_LAYER] | SQL_QUERY | SELECT drivers OFFSET 0 LIMIT 100
2026-06-13 13:53:13,676 | INFO | [L7_APPLICATION] | API_REQUEST_IN | Method: GET | Path: /api/v1/taxis/
2026-06-13 13:53:13,679 | INFO | [L6_PRESENTATION] | DE-ENCAPSULATION | Received Data PDU (Size: 0 bytes)
2026-06-13 13:53:13,681 | INFO | [L7_APPLICATION] | API_REQUEST_IN | Method: GET | Path: /api/v1/buses/
2026-06-13 13:53:13,682 | INFO | [L6_PRESENTATION] | DE-ENCAPSULATION | Received Data PDU (Size: 0 bytes)
2026-06-13 13:53:13,685 | INFO | [DATABASE_LAYER] | ENDPOINT_CALL | GET /taxis/ - skip: 0, limit: 100
2026-06-13 13:53:13,685 | INFO | [DATABASE_LAYER] | SQL_QUERY | SELECT taxis OFFSET 0 LIMIT 100
2026-06-13 13:53:13,687 | INFO | [DATABASE_LAYER] | ENDPOINT_CALL | GET /buses/ - skip: 0, limit: 100
2026-06-13 13:53:13,687 | INFO | [DATABASE_LAYER] | SQL_QUERY | SELECT buses OFFSET 0 LIMIT 100
2026-06-13 13:53:13,693 | INFO | [L7_APPLICATION] | API_REQUEST_IN | Method: GET | Path: /api/v1/bicycles/
2026-06-13 13:53:13,695 | INFO | [L6_PRESENTATION] | DE-ENCAPSULATION | Received Data PDU (Size: 0 bytes)
2026-06-13 13:53:13,702 | INFO | [DATABASE_LAYER] | ENDPOINT_CALL | GET /bicycles/ - skip: 0, limit: 100
2026-06-13 13:53:13,703 | INFO | [DATABASE_LAYER] | SQL_QUERY | SELECT bicycles OFFSET 0 LIMIT 100
2026-06-13 13:53:13,706 | INFO | [L4_TRANSPORT] | SEGMENT_COMPLETE | Total RTT (Processing): 62.81ms | Status: 200
2026-06-13 13:53:13,723 | INFO | [L4_TRANSPORT] | SEGMENT_COMPLETE | Total RTT (Processing): 47.42ms | Status: 200
2026-06-13 13:53:13,727 | INFO | [L4_TRANSPORT] | SEGMENT_COMPLETE | Total RTT (Processing): 33.80ms | Status: 200
2026-06-13 13:53:13,729 | INFO | [L4_TRANSPORT] | SEGMENT_COMPLETE | Total RTT (Processing): 72.78ms | Status: 200
2026-06-13 13:53:13,740 | INFO | [L4_TRANSPORT] | SEGMENT_COMPLETE | Total RTT (Processing): 58.84ms | Status: 200
2026-06-13 13:53:13,743 | INFO | [L7_APPLICATION] | API_REQUEST_IN | Method: GET | Path: /api/v1/taxis/
2026-06-13 13:53:13,745 | INFO | [L6_PRESENTATION] | DE-ENCAPSULATION | Received Data PDU (Size: 0 bytes)
2026-06-13 13:53:13,745 | INFO | [L7_APPLICATION] | API_REQUEST_IN | Method: GET | Path: /api/v1/students/
2026-06-13 13:53:13,747 | INFO | [L6_PRESENTATION] | DE-ENCAPSULATION | Received Data PDU (Size: 0 bytes)
2026-06-13 13:53:13,756 | INFO | [DATABASE_LAYER] | ENDPOINT_CALL | GET /taxis/ - skip: 0, limit: 100
2026-06-13 13:53:13,757 | INFO | [DATABASE_LAYER] | SQL_QUERY | SELECT taxis OFFSET 0 LIMIT 100
2026-06-13 13:53:13,757 | INFO | [DATABASE_LAYER] | ENDPOINT_CALL | GET /students/ - skip: 0, limit: 100
2026-06-13 13:53:13,757 | INFO | [DATABASE_LAYER] | SQL_QUERY | SELECT students OFFSET 0 LIMIT 100
2026-06-13 13:53:13,764 | INFO | [L7_APPLICATION] | API_REQUEST_IN | Method: GET | Path: /api/v1/bicycles/
2026-06-13 13:53:13,766 | INFO | [L6_PRESENTATION] | DE-ENCAPSULATION | Received Data PDU (Size: 0 bytes)
2026-06-13 13:53:13,771 | INFO | [DATABASE_LAYER] | ENDPOINT_CALL | GET /bicycles/ - skip: 0, limit: 100
2026-06-13 13:53:13,772 | INFO | [DATABASE_LAYER] | SQL_QUERY | SELECT bicycles OFFSET 0 LIMIT 100
2026-06-13 13:53:13,775 | INFO | [L7_APPLICATION] | API_REQUEST_IN | Method: GET | Path: /api/v1/drivers/
2026-06-13 13:53:13,776 | INFO | [L6_PRESENTATION] | DE-ENCAPSULATION | Received Data PDU (Size: 0 bytes)
2026-06-13 13:53:13,779 | INFO | [DATABASE_LAYER] | ENDPOINT_CALL | GET /drivers/ - skip: 0, limit: 100
2026-06-13 13:53:13,780 | INFO | [DATABASE_LAYER] | SQL_QUERY | SELECT drivers OFFSET 0 LIMIT 100
2026-06-13 13:53:13,782 | INFO | [L7_APPLICATION] | API_REQUEST_IN | Method: GET | Path: /api/v1/buses/
2026-06-13 13:53:13,784 | INFO | [L6_PRESENTATION] | DE-ENCAPSULATION | Received Data PDU (Size: 0 bytes)
2026-06-13 13:53:13,788 | INFO | [DATABASE_LAYER] | ENDPOINT_CALL | GET /buses/ - skip: 0, limit: 100
2026-06-13 13:53:13,789 | INFO | [DATABASE_LAYER] | SQL_QUERY | SELECT buses OFFSET 0 LIMIT 100
2026-06-13 13:53:13,793 | INFO | [L4_TRANSPORT] | SEGMENT_COMPLETE | Total RTT (Processing): 48.33ms | Status: 200
2026-06-13 13:53:13,800 | INFO | [L4_TRANSPORT] | SEGMENT_COMPLETE | Total RTT (Processing): 36.35ms | Status: 200
2026-06-13 13:53:13,800 | INFO | [L4_TRANSPORT] | SEGMENT_COMPLETE | Total RTT (Processing): 56.81ms | Status: 200
2026-06-13 13:53:13,800 | INFO | [L4_TRANSPORT] | SEGMENT_COMPLETE | Total RTT (Processing): 25.47ms | Status: 200
2026-06-13 13:53:13,800 | INFO | [L4_TRANSPORT] | SEGMENT_COMPLETE | Total RTT (Processing): 17.64ms | Status: 200
2026-06-13 20:33:07,383 | INFO | [L7_APPLICATION] | API_REQUEST_IN | Method: GET | Path: /api/v1/students/
2026-06-13 20:33:07,383 | INFO | [L6_PRESENTATION] | DE-ENCAPSULATION | Received Data PDU (Size: 0 bytes)
2026-06-13 20:33:07,397 | INFO | [DATABASE_LAYER] | ENDPOINT_CALL | GET /students/ - skip: 0, limit: 100
2026-06-13 20:33:07,399 | INFO | [DATABASE_LAYER] | SQL_QUERY | SELECT students OFFSET 0 LIMIT 100
2026-06-13 20:33:07,417 | INFO | [L7_APPLICATION] | API_REQUEST_IN | Method: GET | Path: /api/v1/drivers/
2026-06-13 20:33:07,419 | INFO | [L6_PRESENTATION] | DE-ENCAPSULATION | Received Data PDU (Size: 0 bytes)
2026-06-13 20:33:07,427 | INFO | [DATABASE_LAYER] | ENDPOINT_CALL | GET /drivers/ - skip: 0, limit: 100
2026-06-13 20:33:07,429 | INFO | [DATABASE_LAYER] | SQL_QUERY | SELECT drivers OFFSET 0 LIMIT 100
2026-06-13 20:33:07,448 | INFO | [L7_APPLICATION] | API_REQUEST_IN | Method: GET | Path: /api/v1/buses/
2026-06-13 20:33:07,452 | INFO | [L6_PRESENTATION] | DE-ENCAPSULATION | Received Data PDU (Size: 0 bytes)
2026-06-13 20:33:07,458 | INFO | [L7_APPLICATION] | API_REQUEST_IN | Method: GET | Path: /api/v1/taxis/
2026-06-13 20:33:07,458 | INFO | [L6_PRESENTATION] | DE-ENCAPSULATION | Received Data PDU (Size: 0 bytes)
2026-06-13 20:33:07,463 | INFO | [L7_APPLICATION] | API_REQUEST_IN | Method: GET | Path: /api/v1/bicycles/
2026-06-13 20:33:07,466 | INFO | [L6_PRESENTATION] | DE-ENCAPSULATION | Received Data PDU (Size: 0 bytes)
2026-06-13 20:33:07,473 | INFO | [DATABASE_LAYER] | ENDPOINT_CALL | GET /buses/ - skip: 0, limit: 100
2026-06-13 20:33:07,476 | INFO | [DATABASE_LAYER] | SQL_QUERY | SELECT buses OFFSET 0 LIMIT 100
2026-06-13 20:33:07,498 | INFO | [DATABASE_LAYER] | ENDPOINT_CALL | GET /taxis/ - skip: 0, limit: 100
2026-06-13 20:33:07,500 | INFO | [DATABASE_LAYER] | SQL_QUERY | SELECT taxis OFFSET 0 LIMIT 100
2026-06-13 20:33:07,513 | INFO | [DATABASE_LAYER] | ENDPOINT_CALL | GET /bicycles/ - skip: 0, limit: 100
2026-06-13 20:33:07,513 | INFO | [DATABASE_LAYER] | SQL_QUERY | SELECT bicycles OFFSET 0 LIMIT 100
2026-06-13 20:33:07,544 | INFO | [L4_TRANSPORT] | SEGMENT_COMPLETE | Total RTT (Processing): 161.61ms | Status: 200
2026-06-13 20:33:07,576 | INFO | [L7_APPLICATION] | API_REQUEST_IN | Method: GET | Path: /api/v1/students/
2026-06-13 20:33:07,579 | INFO | [L6_PRESENTATION] | DE-ENCAPSULATION | Received Data PDU (Size: 0 bytes)
2026-06-13 20:33:07,581 | INFO | [DATABASE_LAYER] | ENDPOINT_CALL | GET /students/ - skip: 0, limit: 100
2026-06-13 20:33:07,583 | INFO | [DATABASE_LAYER] | SQL_QUERY | SELECT students OFFSET 0 LIMIT 100
2026-06-13 20:33:07,589 | INFO | [L4_TRANSPORT] | SEGMENT_COMPLETE | Total RTT (Processing): 172.17ms | Status: 200
2026-06-13 20:33:07,600 | INFO | [L4_TRANSPORT] | SEGMENT_COMPLETE | Total RTT (Processing): 23.48ms | Status: 200
2026-06-13 20:33:07,621 | INFO | [L7_APPLICATION] | API_REQUEST_IN | Method: GET | Path: /api/v1/drivers/
2026-06-13 20:33:07,625 | INFO | [L6_PRESENTATION] | DE-ENCAPSULATION | Received Data PDU (Size: 0 bytes)
2026-06-13 20:33:07,640 | INFO | [DATABASE_LAYER] | ENDPOINT_CALL | GET /drivers/ - skip: 0, limit: 100
2026-06-13 20:33:07,645 | INFO | [DATABASE_LAYER] | SQL_QUERY | SELECT drivers OFFSET 0 LIMIT 100
2026-06-13 20:33:07,684 | INFO | [L4_TRANSPORT] | SEGMENT_COMPLETE | Total RTT (Processing): 235.33ms | Status: 200
2026-06-13 20:33:07,684 | INFO | [L4_TRANSPORT] | SEGMENT_COMPLETE | Total RTT (Processing): 62.62ms | Status: 200
2026-06-13 20:33:07,702 | INFO | [L4_TRANSPORT] | SEGMENT_COMPLETE | Total RTT (Processing): 244.62ms | Status: 200
2026-06-13 20:33:07,707 | INFO | [L7_APPLICATION] | API_REQUEST_IN | Method: GET | Path: /api/v1/buses/
2026-06-13 20:33:07,713 | INFO | [L6_PRESENTATION] | DE-ENCAPSULATION | Received Data PDU (Size: 0 bytes)
2026-06-13 20:33:07,721 | INFO | [DATABASE_LAYER] | ENDPOINT_CALL | GET /buses/ - skip: 0, limit: 100
2026-06-13 20:33:07,721 | INFO | [DATABASE_LAYER] | SQL_QUERY | SELECT buses OFFSET 0 LIMIT 100
2026-06-13 20:33:07,728 | INFO | [L4_TRANSPORT] | SEGMENT_COMPLETE | Total RTT (Processing): 265.34ms | Status: 200
2026-06-13 20:33:07,748 | INFO | [L7_APPLICATION] | API_REQUEST_IN | Method: GET | Path: /api/v1/taxis/
2026-06-13 20:33:07,752 | INFO | [L6_PRESENTATION] | DE-ENCAPSULATION | Received Data PDU (Size: 0 bytes)
2026-06-13 20:33:07,762 | INFO | [DATABASE_LAYER] | ENDPOINT_CALL | GET /taxis/ - skip: 0, limit: 100
2026-06-13 20:33:07,768 | INFO | [DATABASE_LAYER] | SQL_QUERY | SELECT taxis OFFSET 0 LIMIT 100
2026-06-13 20:33:07,774 | INFO | [L7_APPLICATION] | API_REQUEST_IN | Method: GET | Path: /api/v1/bicycles/
2026-06-13 20:33:07,781 | INFO | [L6_PRESENTATION] | DE-ENCAPSULATION | Received Data PDU (Size: 0 bytes)
2026-06-13 20:33:07,787 | INFO | [DATABASE_LAYER] | ENDPOINT_CALL | GET /bicycles/ - skip: 0, limit: 100
2026-06-13 20:33:07,789 | INFO | [DATABASE_LAYER] | SQL_QUERY | SELECT bicycles OFFSET 0 LIMIT 100
2026-06-13 20:33:07,799 | INFO | [L4_TRANSPORT] | SEGMENT_COMPLETE | Total RTT (Processing): 91.44ms | Status: 200
2026-06-13 20:33:07,813 | INFO | [L4_TRANSPORT] | SEGMENT_COMPLETE | Total RTT (Processing): 65.17ms | Status: 200
2026-06-13 20:33:07,830 | INFO | [L4_TRANSPORT] | SEGMENT_COMPLETE | Total RTT (Processing): 56.55ms | Status: 200
2026-06-13 20:35:01,286 | INFO | [L7_APPLICATION] | API_REQUEST_IN | Method: GET | Path: /docs
2026-06-13 20:35:01,286 | INFO | [L6_PRESENTATION] | DE-ENCAPSULATION | Received Data PDU (Size: 0 bytes)
2026-06-13 20:35:01,293 | INFO | [L4_TRANSPORT] | SEGMENT_COMPLETE | Total RTT (Processing): 7.36ms | Status: 200
2026-06-13 20:35:05,446 | INFO | [L7_APPLICATION] | API_REQUEST_IN | Method: GET | Path: /docs
2026-06-13 20:35:05,449 | INFO | [L6_PRESENTATION] | DE-ENCAPSULATION | Received Data PDU (Size: 0 bytes)
2026-06-13 20:35:05,454 | INFO | [L4_TRANSPORT] | SEGMENT_COMPLETE | Total RTT (Processing): 7.69ms | Status: 200
2026-06-13 20:36:14,228 | INFO | [L7_APPLICATION] | API_REQUEST_IN | Method: GET | Path: /
2026-06-13 20:36:14,228 | INFO | [L6_PRESENTATION] | DE-ENCAPSULATION | Received Data PDU (Size: 0 bytes)
2026-06-13 20:36:14,234 | INFO | [L4_TRANSPORT] | SEGMENT_COMPLETE | Total RTT (Processing): 5.93ms | Status: 404
2026-06-13 20:36:38,523 | INFO | [L7_APPLICATION] | API_REQUEST_IN | Method: GET | Path: /docs
2026-06-13 20:36:38,523 | INFO | [L6_PRESENTATION] | DE-ENCAPSULATION | Received Data PDU (Size: 0 bytes)
2026-06-13 20:36:38,527 | INFO | [L4_TRANSPORT] | SEGMENT_COMPLETE | Total RTT (Processing): 4.44ms | Status: 200
2026-06-13 20:36:42,183 | INFO | [L7_APPLICATION] | API_REQUEST_IN | Method: GET | Path: /docs
2026-06-13 20:36:42,183 | INFO | [L6_PRESENTATION] | DE-ENCAPSULATION | Received Data PDU (Size: 0 bytes)
2026-06-13 20:36:42,183 | INFO | [L4_TRANSPORT] | SEGMENT_COMPLETE | Total RTT (Processing): 0.00ms | Status: 200
2026-06-13 20:36:43,089 | INFO | [L7_APPLICATION] | API_REQUEST_IN | Method: GET | Path: /docs
2026-06-13 20:36:43,091 | INFO | [L6_PRESENTATION] | DE-ENCAPSULATION | Received Data PDU (Size: 0 bytes)
2026-06-13 20:36:43,095 | INFO | [L4_TRANSPORT] | SEGMENT_COMPLETE | Total RTT (Processing): 6.27ms | Status: 200
2026-06-13 20:37:08,598 | INFO | [L7_APPLICATION] | API_REQUEST_IN | Method: GET | Path: /docs
2026-06-13 20:37:08,600 | INFO | [L6_PRESENTATION] | DE-ENCAPSULATION | Received Data PDU (Size: 0 bytes)
2026-06-13 20:37:08,600 | INFO | [L4_TRANSPORT] | SEGMENT_COMPLETE | Total RTT (Processing): 2.02ms | Status: 200
2026-06-13 20:37:10,021 | INFO | [L7_APPLICATION] | API_REQUEST_IN | Method: GET | Path: /docs
2026-06-13 20:37:10,022 | INFO | [L6_PRESENTATION] | DE-ENCAPSULATION | Received Data PDU (Size: 0 bytes)
2026-06-13 20:37:10,024 | INFO | [L4_TRANSPORT] | SEGMENT_COMPLETE | Total RTT (Processing): 3.14ms | Status: 200
2026-06-13 20:37:10,795 | INFO | [L7_APPLICATION] | API_REQUEST_IN | Method: GET | Path: /docs
2026-06-13 20:37:10,795 | INFO | [L6_PRESENTATION] | DE-ENCAPSULATION | Received Data PDU (Size: 0 bytes)
2026-06-13 20:37:10,795 | INFO | [L4_TRANSPORT] | SEGMENT_COMPLETE | Total RTT (Processing): 0.00ms | Status: 200
2026-06-13 20:37:11,583 | INFO | [L7_APPLICATION] | API_REQUEST_IN | Method: GET | Path: /docs
2026-06-13 20:37:11,583 | INFO | [L6_PRESENTATION] | DE-ENCAPSULATION | Received Data PDU (Size: 0 bytes)
2026-06-13 20:37:11,583 | INFO | [L4_TRANSPORT] | SEGMENT_COMPLETE | Total RTT (Processing): 0.00ms | Status: 200
2026-06-13 20:38:22,929 | INFO | [L7_APPLICATION] | API_REQUEST_IN | Method: GET | Path: /.well-known/appspecific/com.chrome.devtools.json
2026-06-13 20:38:22,929 | INFO | [L6_PRESENTATION] | DE-ENCAPSULATION | Received Data PDU (Size: 0 bytes)
2026-06-13 20:38:22,929 | INFO | [L4_TRANSPORT] | SEGMENT_COMPLETE | Total RTT (Processing): 0.00ms | Status: 404
2026-06-13 20:40:53,392 | INFO | [L7_APPLICATION] | API_REQUEST_IN | Method: GET | Path: /api/v1/students/
2026-06-13 20:40:53,392 | INFO | [L6_PRESENTATION] | DE-ENCAPSULATION | Received Data PDU (Size: 0 bytes)
2026-06-13 20:40:53,392 | INFO | [DATABASE_LAYER] | ENDPOINT_CALL | GET /students/ - skip: 0, limit: 100
2026-06-13 20:40:53,401 | INFO | [DATABASE_LAYER] | SQL_QUERY | SELECT students OFFSET 0 LIMIT 100
2026-06-13 20:40:53,429 | INFO | [L4_TRANSPORT] | SEGMENT_COMPLETE | Total RTT (Processing): 37.66ms | Status: 200
2026-06-13 20:40:53,694 | INFO | [L7_APPLICATION] | API_REQUEST_IN | Method: GET | Path: /favicon.ico
2026-06-13 20:40:53,694 | INFO | [L6_PRESENTATION] | DE-ENCAPSULATION | Received Data PDU (Size: 0 bytes)
2026-06-13 20:40:53,697 | INFO | [L4_TRANSPORT] | SEGMENT_COMPLETE | Total RTT (Processing): 2.74ms | Status: 404
2026-06-13 20:41:57,050 | INFO | [L7_APPLICATION] | API_REQUEST_IN | Method: GET | Path: /docs
2026-06-13 20:41:57,050 | INFO | [L6_PRESENTATION] | DE-ENCAPSULATION | Received Data PDU (Size: 0 bytes)
2026-06-13 20:41:57,050 | INFO | [L4_TRANSPORT] | SEGMENT_COMPLETE | Total RTT (Processing): 0.00ms | Status: 200
2026-06-13 20:42:08,939 | INFO | [L7_APPLICATION] | API_REQUEST_IN | Method: GET | Path: /.well-known/appspecific/com.chrome.devtools.json
2026-06-13 20:42:08,943 | INFO | [L6_PRESENTATION] | DE-ENCAPSULATION | Received Data PDU (Size: 0 bytes)
2026-06-13 20:42:08,944 | INFO | [L4_TRANSPORT] | SEGMENT_COMPLETE | Total RTT (Processing): 4.93ms | Status: 404
2026-06-13 20:42:27,662 | INFO | [L7_APPLICATION] | API_REQUEST_IN | Method: GET | Path: /docs
2026-06-13 20:42:27,664 | INFO | [L6_PRESENTATION] | DE-ENCAPSULATION | Received Data PDU (Size: 0 bytes)
2026-06-13 20:42:27,668 | INFO | [L4_TRANSPORT] | SEGMENT_COMPLETE | Total RTT (Processing): 5.91ms | Status: 200
2026-06-13 20:43:10,016 | INFO | [L7_APPLICATION] | API_REQUEST_IN | Method: GET | Path: /docs
2026-06-13 20:43:10,016 | INFO | [L6_PRESENTATION] | DE-ENCAPSULATION | Received Data PDU (Size: 0 bytes)
2026-06-13 20:43:10,027 | INFO | [L4_TRANSPORT] | SEGMENT_COMPLETE | Total RTT (Processing): 10.61ms | Status: 200
2026-06-13 20:43:19,533 | INFO | [L7_APPLICATION] | API_REQUEST_IN | Method: GET | Path: /docs
2026-06-13 20:43:19,533 | INFO | [L6_PRESENTATION] | DE-ENCAPSULATION | Received Data PDU (Size: 0 bytes)
2026-06-13 20:43:19,539 | INFO | [L4_TRANSPORT] | SEGMENT_COMPLETE | Total RTT (Processing): 5.92ms | Status: 200
2026-06-13 20:43:49,982 | INFO | [L7_APPLICATION] | API_REQUEST_IN | Method: GET | Path: /docs
2026-06-13 20:43:49,985 | INFO | [L6_PRESENTATION] | DE-ENCAPSULATION | Received Data PDU (Size: 0 bytes)
2026-06-13 20:43:49,989 | INFO | [L4_TRANSPORT] | SEGMENT_COMPLETE | Total RTT (Processing): 6.89ms | Status: 200
2026-06-13 20:49:12,593 | INFO | [L7_APPLICATION] | API_REQUEST_IN | Method: GET | Path: /docs
2026-06-13 20:49:12,595 | INFO | [L6_PRESENTATION] | DE-ENCAPSULATION | Received Data PDU (Size: 0 bytes)
2026-06-13 20:49:12,599 | INFO | [L4_TRANSPORT] | SEGMENT_COMPLETE | Total RTT (Processing): 6.31ms | Status: 200
2026-06-13 20:49:13,206 | INFO | [L7_APPLICATION] | API_REQUEST_IN | Method: GET | Path: /openapi.json
2026-06-13 20:49:13,209 | INFO | [L6_PRESENTATION] | DE-ENCAPSULATION | Received Data PDU (Size: 0 bytes)
2026-06-13 20:49:13,376 | INFO | [L4_TRANSPORT] | SEGMENT_COMPLETE | Total RTT (Processing): 169.54ms | Status: 200
2026-06-13 21:10:16,804 | INFO | [L7_APPLICATION] | API_REQUEST_IN | Method: GET | Path: /api/v1/students/
2026-06-13 21:10:16,804 | INFO | [L6_PRESENTATION] | DE-ENCAPSULATION | Received Data PDU (Size: 0 bytes)
2026-06-13 21:10:16,820 | INFO | [DATABASE_LAYER] | ENDPOINT_CALL | GET /students/ - skip: 0, limit: 100
2026-06-13 21:10:16,822 | INFO | [DATABASE_LAYER] | SQL_QUERY | SELECT students OFFSET 0 LIMIT 100
2026-06-13 21:10:16,857 | INFO | [L7_APPLICATION] | API_REQUEST_IN | Method: GET | Path: /api/v1/buses/
2026-06-13 21:10:16,859 | INFO | [L6_PRESENTATION] | DE-ENCAPSULATION | Received Data PDU (Size: 0 bytes)
2026-06-13 21:10:16,860 | INFO | [L7_APPLICATION] | API_REQUEST_IN | Method: GET | Path: /api/v1/drivers/
2026-06-13 21:10:16,862 | INFO | [L6_PRESENTATION] | DE-ENCAPSULATION | Received Data PDU (Size: 0 bytes)
2026-06-13 21:10:16,864 | INFO | [L7_APPLICATION] | API_REQUEST_IN | Method: GET | Path: /api/v1/bicycles/
2026-06-13 21:10:16,867 | INFO | [L6_PRESENTATION] | DE-ENCAPSULATION | Received Data PDU (Size: 0 bytes)
2026-06-13 21:10:16,870 | INFO | [L7_APPLICATION] | API_REQUEST_IN | Method: GET | Path: /api/v1/taxis/
2026-06-13 21:10:16,871 | INFO | [L6_PRESENTATION] | DE-ENCAPSULATION | Received Data PDU (Size: 0 bytes)
2026-06-13 21:10:16,879 | INFO | [DATABASE_LAYER] | ENDPOINT_CALL | GET /buses/ - skip: 0, limit: 100
2026-06-13 21:10:16,882 | INFO | [DATABASE_LAYER] | SQL_QUERY | SELECT buses OFFSET 0 LIMIT 100
2026-06-13 21:10:16,908 | INFO | [DATABASE_LAYER] | ENDPOINT_CALL | GET /drivers/ - skip: 0, limit: 100
2026-06-13 21:10:16,909 | INFO | [DATABASE_LAYER] | SQL_QUERY | SELECT drivers OFFSET 0 LIMIT 100
2026-06-13 21:10:16,925 | INFO | [DATABASE_LAYER] | ENDPOINT_CALL | GET /bicycles/ - skip: 0, limit: 100
2026-06-13 21:10:16,925 | INFO | [DATABASE_LAYER] | SQL_QUERY | SELECT bicycles OFFSET 0 LIMIT 100
2026-06-13 21:10:16,942 | INFO | [DATABASE_LAYER] | ENDPOINT_CALL | GET /taxis/ - skip: 0, limit: 100
2026-06-13 21:10:16,942 | INFO | [DATABASE_LAYER] | SQL_QUERY | SELECT taxis OFFSET 0 LIMIT 100
2026-06-13 21:10:16,991 | INFO | [L4_TRANSPORT] | SEGMENT_COMPLETE | Total RTT (Processing): 186.80ms | Status: 200
2026-06-13 21:10:17,013 | INFO | [L7_APPLICATION] | API_REQUEST_IN | Method: GET | Path: /api/v1/students/
2026-06-13 21:10:17,018 | INFO | [L6_PRESENTATION] | DE-ENCAPSULATION | Received Data PDU (Size: 0 bytes)
2026-06-13 21:10:17,023 | INFO | [DATABASE_LAYER] | ENDPOINT_CALL | GET /students/ - skip: 0, limit: 100
2026-06-13 21:10:17,023 | INFO | [DATABASE_LAYER] | SQL_QUERY | SELECT students OFFSET 0 LIMIT 100
2026-06-13 21:10:17,029 | INFO | [L4_TRANSPORT] | SEGMENT_COMPLETE | Total RTT (Processing): 16.31ms | Status: 200
2026-06-13 21:10:17,053 | INFO | [L4_TRANSPORT] | SEGMENT_COMPLETE | Total RTT (Processing): 196.83ms | Status: 200
2026-06-13 21:10:17,058 | INFO | [L7_APPLICATION] | API_REQUEST_IN | Method: GET | Path: /api/v1/buses/
2026-06-13 21:10:17,062 | INFO | [L6_PRESENTATION] | DE-ENCAPSULATION | Received Data PDU (Size: 0 bytes)
2026-06-13 21:10:17,066 | INFO | [DATABASE_LAYER] | ENDPOINT_CALL | GET /buses/ - skip: 0, limit: 100
2026-06-13 21:10:17,068 | INFO | [DATABASE_LAYER] | SQL_QUERY | SELECT buses OFFSET 0 LIMIT 100
2026-06-13 21:10:17,085 | INFO | [L4_TRANSPORT] | SEGMENT_COMPLETE | Total RTT (Processing): 224.81ms | Status: 200
2026-06-13 21:10:17,085 | INFO | [L4_TRANSPORT] | SEGMENT_COMPLETE | Total RTT (Processing): 27.44ms | Status: 200
2026-06-13 21:10:17,102 | INFO | [L7_APPLICATION] | API_REQUEST_IN | Method: GET | Path: /api/v1/drivers/
2026-06-13 21:10:17,105 | INFO | [L6_PRESENTATION] | DE-ENCAPSULATION | Received Data PDU (Size: 0 bytes)
2026-06-13 21:10:17,106 | INFO | [DATABASE_LAYER] | ENDPOINT_CALL | GET /drivers/ - skip: 0, limit: 100
2026-06-13 21:10:17,106 | INFO | [DATABASE_LAYER] | SQL_QUERY | SELECT drivers OFFSET 0 LIMIT 100
2026-06-13 21:10:17,114 | INFO | [L4_TRANSPORT] | SEGMENT_COMPLETE | Total RTT (Processing): 250.32ms | Status: 200
2026-06-13 21:10:17,119 | INFO | [L4_TRANSPORT] | SEGMENT_COMPLETE | Total RTT (Processing): 248.97ms | Status: 200
2026-06-13 21:10:17,130 | INFO | [L7_APPLICATION] | API_REQUEST_IN | Method: GET | Path: /api/v1/bicycles/
2026-06-13 21:10:17,130 | INFO | [L6_PRESENTATION] | DE-ENCAPSULATION | Received Data PDU (Size: 0 bytes)
2026-06-13 21:10:17,133 | INFO | [DATABASE_LAYER] | ENDPOINT_CALL | GET /bicycles/ - skip: 0, limit: 100
2026-06-13 21:10:17,133 | INFO | [DATABASE_LAYER] | SQL_QUERY | SELECT bicycles OFFSET 0 LIMIT 100
2026-06-13 21:10:17,138 | INFO | [L7_APPLICATION] | API_REQUEST_IN | Method: GET | Path: /api/v1/taxis/
2026-06-13 21:10:17,144 | INFO | [L6_PRESENTATION] | DE-ENCAPSULATION | Received Data PDU (Size: 0 bytes)
2026-06-13 21:10:17,148 | INFO | [DATABASE_LAYER] | ENDPOINT_CALL | GET /taxis/ - skip: 0, limit: 100
2026-06-13 21:10:17,148 | INFO | [DATABASE_LAYER] | SQL_QUERY | SELECT taxis OFFSET 0 LIMIT 100
2026-06-13 21:10:17,153 | INFO | [L4_TRANSPORT] | SEGMENT_COMPLETE | Total RTT (Processing): 50.70ms | Status: 200
2026-06-13 21:10:17,161 | INFO | [L4_TRANSPORT] | SEGMENT_COMPLETE | Total RTT (Processing): 31.51ms | Status: 200
2026-06-13 21:10:17,170 | INFO | [L4_TRANSPORT] | SEGMENT_COMPLETE | Total RTT (Processing): 32.29ms | Status: 200
2026-06-13 21:10:28,301 | INFO | [L7_APPLICATION] | API_REQUEST_IN | Method: GET | Path: /api/v1/students/
2026-06-13 21:10:28,308 | INFO | [L6_PRESENTATION] | DE-ENCAPSULATION | Received Data PDU (Size: 0 bytes)
2026-06-13 21:10:28,308 | INFO | [DATABASE_LAYER] | ENDPOINT_CALL | GET /students/ - skip: 0, limit: 100
2026-06-13 21:10:28,314 | INFO | [DATABASE_LAYER] | SQL_QUERY | SELECT students OFFSET 0 LIMIT 100
2026-06-13 21:10:28,322 | INFO | [L7_APPLICATION] | API_REQUEST_IN | Method: GET | Path: /api/v1/drivers/
2026-06-13 21:10:28,322 | INFO | [L6_PRESENTATION] | DE-ENCAPSULATION | Received Data PDU (Size: 0 bytes)
2026-06-13 21:10:28,322 | INFO | [DATABASE_LAYER] | ENDPOINT_CALL | GET /drivers/ - skip: 0, limit: 100
2026-06-13 21:10:28,322 | INFO | [DATABASE_LAYER] | SQL_QUERY | SELECT drivers OFFSET 0 LIMIT 100
2026-06-13 21:10:28,336 | INFO | [L7_APPLICATION] | API_REQUEST_IN | Method: GET | Path: /api/v1/bicycles/
2026-06-13 21:10:28,336 | INFO | [L6_PRESENTATION] | DE-ENCAPSULATION | Received Data PDU (Size: 0 bytes)
2026-06-13 21:10:28,348 | INFO | [L7_APPLICATION] | API_REQUEST_IN | Method: GET | Path: /api/v1/taxis/
2026-06-13 21:10:28,350 | INFO | [L6_PRESENTATION] | DE-ENCAPSULATION | Received Data PDU (Size: 0 bytes)
2026-06-13 21:10:28,350 | INFO | [L7_APPLICATION] | API_REQUEST_IN | Method: GET | Path: /api/v1/buses/
2026-06-13 21:10:28,356 | INFO | [L6_PRESENTATION] | DE-ENCAPSULATION | Received Data PDU (Size: 0 bytes)
2026-06-13 21:10:28,358 | INFO | [DATABASE_LAYER] | ENDPOINT_CALL | GET /bicycles/ - skip: 0, limit: 100
2026-06-13 21:10:28,358 | INFO | [DATABASE_LAYER] | SQL_QUERY | SELECT bicycles OFFSET 0 LIMIT 100
2026-06-13 21:10:28,368 | INFO | [DATABASE_LAYER] | ENDPOINT_CALL | GET /taxis/ - skip: 0, limit: 100
2026-06-13 21:10:28,371 | INFO | [DATABASE_LAYER] | SQL_QUERY | SELECT taxis OFFSET 0 LIMIT 100
2026-06-13 21:10:28,371 | INFO | [DATABASE_LAYER] | ENDPOINT_CALL | GET /buses/ - skip: 0, limit: 100
2026-06-13 21:10:28,371 | INFO | [DATABASE_LAYER] | SQL_QUERY | SELECT buses OFFSET 0 LIMIT 100
2026-06-13 21:10:28,387 | INFO | [L4_TRANSPORT] | SEGMENT_COMPLETE | Total RTT (Processing): 85.95ms | Status: 200
2026-06-13 21:10:28,402 | INFO | [L4_TRANSPORT] | SEGMENT_COMPLETE | Total RTT (Processing): 79.49ms | Status: 200
2026-06-13 21:10:28,405 | INFO | [L4_TRANSPORT] | SEGMENT_COMPLETE | Total RTT (Processing): 55.12ms | Status: 200
2026-06-13 21:10:28,415 | INFO | [L4_TRANSPORT] | SEGMENT_COMPLETE | Total RTT (Processing): 66.54ms | Status: 200
2026-06-13 21:10:28,418 | INFO | [L4_TRANSPORT] | SEGMENT_COMPLETE | Total RTT (Processing): 82.45ms | Status: 200
2026-06-13 21:10:28,449 | INFO | [L7_APPLICATION] | API_REQUEST_IN | Method: GET | Path: /api/v1/drivers/
2026-06-13 21:10:28,451 | INFO | [L6_PRESENTATION] | DE-ENCAPSULATION | Received Data PDU (Size: 0 bytes)
2026-06-13 21:10:28,459 | INFO | [DATABASE_LAYER] | ENDPOINT_CALL | GET /drivers/ - skip: 0, limit: 100
2026-06-13 21:10:28,463 | INFO | [DATABASE_LAYER] | SQL_QUERY | SELECT drivers OFFSET 0 LIMIT 100
2026-06-13 21:10:28,471 | INFO | [L7_APPLICATION] | API_REQUEST_IN | Method: GET | Path: /api/v1/students/
2026-06-13 21:10:28,471 | INFO | [L6_PRESENTATION] | DE-ENCAPSULATION | Received Data PDU (Size: 0 bytes)
2026-06-13 21:10:28,479 | INFO | [DATABASE_LAYER] | ENDPOINT_CALL | GET /students/ - skip: 0, limit: 100
2026-06-13 21:10:28,485 | INFO | [DATABASE_LAYER] | SQL_QUERY | SELECT students OFFSET 0 LIMIT 100
2026-06-13 21:10:28,487 | INFO | [L7_APPLICATION] | API_REQUEST_IN | Method: GET | Path: /api/v1/buses/
2026-06-13 21:10:28,492 | INFO | [L6_PRESENTATION] | DE-ENCAPSULATION | Received Data PDU (Size: 0 bytes)
2026-06-13 21:10:28,496 | INFO | [DATABASE_LAYER] | ENDPOINT_CALL | GET /buses/ - skip: 0, limit: 100
2026-06-13 21:10:28,501 | INFO | [DATABASE_LAYER] | SQL_QUERY | SELECT buses OFFSET 0 LIMIT 100
2026-06-13 21:10:28,505 | INFO | [L7_APPLICATION] | API_REQUEST_IN | Method: GET | Path: /api/v1/taxis/
2026-06-13 21:10:28,505 | INFO | [L6_PRESENTATION] | DE-ENCAPSULATION | Received Data PDU (Size: 0 bytes)
2026-06-13 21:10:28,505 | INFO | [DATABASE_LAYER] | ENDPOINT_CALL | GET /taxis/ - skip: 0, limit: 100
2026-06-13 21:10:28,505 | INFO | [DATABASE_LAYER] | SQL_QUERY | SELECT taxis OFFSET 0 LIMIT 100
2026-06-13 21:10:28,521 | INFO | [L7_APPLICATION] | API_REQUEST_IN | Method: GET | Path: /api/v1/bicycles/
2026-06-13 21:10:28,521 | INFO | [L6_PRESENTATION] | DE-ENCAPSULATION | Received Data PDU (Size: 0 bytes)
2026-06-13 21:10:28,528 | INFO | [DATABASE_LAYER] | ENDPOINT_CALL | GET /bicycles/ - skip: 0, limit: 100
2026-06-13 21:10:28,528 | INFO | [DATABASE_LAYER] | SQL_QUERY | SELECT bicycles OFFSET 0 LIMIT 100
2026-06-13 21:10:28,545 | INFO | [L4_TRANSPORT] | SEGMENT_COMPLETE | Total RTT (Processing): 39.86ms | Status: 200
2026-06-13 21:10:28,547 | INFO | [L4_TRANSPORT] | SEGMENT_COMPLETE | Total RTT (Processing): 59.44ms | Status: 200
2026-06-13 21:10:28,550 | INFO | [L4_TRANSPORT] | SEGMENT_COMPLETE | Total RTT (Processing): 100.95ms | Status: 200
2026-06-13 21:10:28,551 | INFO | [L4_TRANSPORT] | SEGMENT_COMPLETE | Total RTT (Processing): 31.36ms | Status: 200
2026-06-13 21:10:28,562 | INFO | [L4_TRANSPORT] | SEGMENT_COMPLETE | Total RTT (Processing): 94.43ms | Status: 200
2026-06-13 22:15:56,788 | INFO | [L7_APPLICATION] | API_REQUEST_IN | Method: GET | Path: /api/v1/students/
2026-06-13 22:15:56,788 | INFO | [L6_PRESENTATION] | DE-ENCAPSULATION | Received Data PDU (Size: 0 bytes)
2026-06-13 22:15:56,802 | INFO | [L7_APPLICATION] | API_REQUEST_IN | Method: GET | Path: /api/v1/bicycles/
2026-06-13 22:15:56,803 | INFO | [L6_PRESENTATION] | DE-ENCAPSULATION | Received Data PDU (Size: 0 bytes)
2026-06-13 22:15:56,803 | INFO | [L7_APPLICATION] | API_REQUEST_IN | Method: GET | Path: /api/v1/drivers/
2026-06-13 22:15:56,803 | INFO | [L6_PRESENTATION] | DE-ENCAPSULATION | Received Data PDU (Size: 0 bytes)
2026-06-13 22:15:56,822 | INFO | [DATABASE_LAYER] | ENDPOINT_CALL | GET /students/ - skip: 0, limit: 100
2026-06-13 22:15:56,824 | INFO | [DATABASE_LAYER] | SQL_QUERY | SELECT students OFFSET 0 LIMIT 100
2026-06-13 22:15:56,848 | INFO | [DATABASE_LAYER] | ENDPOINT_CALL | GET /bicycles/ - skip: 0, limit: 100
2026-06-13 22:15:56,848 | INFO | [DATABASE_LAYER] | SQL_QUERY | SELECT bicycles OFFSET 0 LIMIT 100
2026-06-13 22:15:56,853 | INFO | [DATABASE_LAYER] | ENDPOINT_CALL | GET /drivers/ - skip: 0, limit: 100
2026-06-13 22:15:56,853 | INFO | [DATABASE_LAYER] | SQL_QUERY | SELECT drivers OFFSET 0 LIMIT 100
2026-06-13 22:15:56,853 | INFO | [L7_APPLICATION] | API_REQUEST_IN | Method: GET | Path: /api/v1/buses/
2026-06-13 22:15:56,853 | INFO | [L6_PRESENTATION] | DE-ENCAPSULATION | Received Data PDU (Size: 0 bytes)
2026-06-13 22:15:56,853 | INFO | [L7_APPLICATION] | API_REQUEST_IN | Method: GET | Path: /api/v1/taxis/
2026-06-13 22:15:56,853 | INFO | [L6_PRESENTATION] | DE-ENCAPSULATION | Received Data PDU (Size: 0 bytes)
2026-06-13 22:15:56,863 | INFO | [DATABASE_LAYER] | ENDPOINT_CALL | GET /buses/ - skip: 0, limit: 100
2026-06-13 22:15:56,863 | INFO | [DATABASE_LAYER] | SQL_QUERY | SELECT buses OFFSET 0 LIMIT 100
2026-06-13 22:15:56,867 | INFO | [DATABASE_LAYER] | ENDPOINT_CALL | GET /taxis/ - skip: 0, limit: 100
2026-06-13 22:15:56,867 | INFO | [DATABASE_LAYER] | SQL_QUERY | SELECT taxis OFFSET 0 LIMIT 100
2026-06-13 22:15:56,882 | INFO | [L4_TRANSPORT] | SEGMENT_COMPLETE | Total RTT (Processing): 28.58ms | Status: 200
2026-06-13 22:15:56,884 | INFO | [L4_TRANSPORT] | SEGMENT_COMPLETE | Total RTT (Processing): 81.08ms | Status: 200
2026-06-13 22:15:56,884 | INFO | [L4_TRANSPORT] | SEGMENT_COMPLETE | Total RTT (Processing): 30.60ms | Status: 200
2026-06-13 22:15:56,891 | INFO | [L4_TRANSPORT] | SEGMENT_COMPLETE | Total RTT (Processing): 103.74ms | Status: 200
2026-06-13 22:15:56,897 | INFO | [L4_TRANSPORT] | SEGMENT_COMPLETE | Total RTT (Processing): 94.86ms | Status: 200
2026-06-13 22:15:56,913 | INFO | [L7_APPLICATION] | API_REQUEST_IN | Method: GET | Path: /api/v1/drivers/
2026-06-13 22:15:56,915 | INFO | [L6_PRESENTATION] | DE-ENCAPSULATION | Received Data PDU (Size: 0 bytes)
2026-06-13 22:15:56,917 | INFO | [L7_APPLICATION] | API_REQUEST_IN | Method: GET | Path: /api/v1/buses/
2026-06-13 22:15:56,918 | INFO | [L6_PRESENTATION] | DE-ENCAPSULATION | Received Data PDU (Size: 0 bytes)
2026-06-13 22:15:56,922 | INFO | [DATABASE_LAYER] | ENDPOINT_CALL | GET /drivers/ - skip: 0, limit: 100
2026-06-13 22:15:56,923 | INFO | [DATABASE_LAYER] | SQL_QUERY | SELECT drivers OFFSET 0 LIMIT 100
2026-06-13 22:15:56,926 | INFO | [DATABASE_LAYER] | ENDPOINT_CALL | GET /buses/ - skip: 0, limit: 100
2026-06-13 22:15:56,928 | INFO | [DATABASE_LAYER] | SQL_QUERY | SELECT buses OFFSET 0 LIMIT 100
2026-06-13 22:15:56,934 | INFO | [L7_APPLICATION] | API_REQUEST_IN | Method: GET | Path: /api/v1/students/
2026-06-13 22:15:56,935 | INFO | [L6_PRESENTATION] | DE-ENCAPSULATION | Received Data PDU (Size: 0 bytes)
2026-06-13 22:15:56,936 | INFO | [L7_APPLICATION] | API_REQUEST_IN | Method: GET | Path: /api/v1/taxis/
2026-06-13 22:15:56,939 | INFO | [L6_PRESENTATION] | DE-ENCAPSULATION | Received Data PDU (Size: 0 bytes)
2026-06-13 22:15:56,943 | INFO | [DATABASE_LAYER] | ENDPOINT_CALL | GET /students/ - skip: 0, limit: 100
2026-06-13 22:15:56,944 | INFO | [DATABASE_LAYER] | SQL_QUERY | SELECT students OFFSET 0 LIMIT 100
2026-06-13 22:15:56,950 | INFO | [DATABASE_LAYER] | ENDPOINT_CALL | GET /taxis/ - skip: 0, limit: 100
2026-06-13 22:15:56,952 | INFO | [DATABASE_LAYER] | SQL_QUERY | SELECT taxis OFFSET 0 LIMIT 100
2026-06-13 22:15:56,958 | INFO | [L7_APPLICATION] | API_REQUEST_IN | Method: GET | Path: /api/v1/bicycles/
2026-06-13 22:15:56,959 | INFO | [L6_PRESENTATION] | DE-ENCAPSULATION | Received Data PDU (Size: 0 bytes)
2026-06-13 22:15:56,961 | INFO | [DATABASE_LAYER] | ENDPOINT_CALL | GET /bicycles/ - skip: 0, limit: 100
2026-06-13 22:15:56,963 | INFO | [DATABASE_LAYER] | SQL_QUERY | SELECT bicycles OFFSET 0 LIMIT 100
2026-06-13 22:15:56,975 | INFO | [L4_TRANSPORT] | SEGMENT_COMPLETE | Total RTT (Processing): 62.11ms | Status: 200
2026-06-13 22:15:56,977 | INFO | [L4_TRANSPORT] | SEGMENT_COMPLETE | Total RTT (Processing): 40.59ms | Status: 200
2026-06-13 22:15:56,984 | INFO | [L4_TRANSPORT] | SEGMENT_COMPLETE | Total RTT (Processing): 25.32ms | Status: 200
2026-06-13 22:15:56,984 | INFO | [L4_TRANSPORT] | SEGMENT_COMPLETE | Total RTT (Processing): 67.52ms | Status: 200
2026-06-13 22:15:56,988 | INFO | [L4_TRANSPORT] | SEGMENT_COMPLETE | Total RTT (Processing): 50.23ms | Status: 200
2026-06-13 22:20:23,583 | INFO | [L7_APPLICATION] | API_REQUEST_IN | Method: GET | Path: /api/v1/students/
2026-06-13 22:20:23,585 | INFO | [L6_PRESENTATION] | DE-ENCAPSULATION | Received Data PDU (Size: 0 bytes)
2026-06-13 22:20:23,586 | INFO | [DATABASE_LAYER] | ENDPOINT_CALL | GET /students/ - skip: 0, limit: 100
2026-06-13 22:20:23,589 | INFO | [DATABASE_LAYER] | SQL_QUERY | SELECT students OFFSET 0 LIMIT 100
2026-06-13 22:20:23,602 | INFO | [L7_APPLICATION] | API_REQUEST_IN | Method: GET | Path: /api/v1/drivers/
2026-06-13 22:20:23,603 | INFO | [L6_PRESENTATION] | DE-ENCAPSULATION | Received Data PDU (Size: 0 bytes)
2026-06-13 22:20:23,604 | INFO | [L7_APPLICATION] | API_REQUEST_IN | Method: GET | Path: /api/v1/taxis/
2026-06-13 22:20:23,606 | INFO | [L6_PRESENTATION] | DE-ENCAPSULATION | Received Data PDU (Size: 0 bytes)
2026-06-13 22:20:23,609 | INFO | [L7_APPLICATION] | API_REQUEST_IN | Method: GET | Path: /api/v1/buses/
2026-06-13 22:20:23,611 | INFO | [L6_PRESENTATION] | DE-ENCAPSULATION | Received Data PDU (Size: 0 bytes)
2026-06-13 22:20:23,617 | INFO | [DATABASE_LAYER] | ENDPOINT_CALL | GET /drivers/ - skip: 0, limit: 100
2026-06-13 22:20:23,618 | INFO | [DATABASE_LAYER] | SQL_QUERY | SELECT drivers OFFSET 0 LIMIT 100
2026-06-13 22:20:23,624 | INFO | [DATABASE_LAYER] | ENDPOINT_CALL | GET /taxis/ - skip: 0, limit: 100
2026-06-13 22:20:23,628 | INFO | [DATABASE_LAYER] | SQL_QUERY | SELECT taxis OFFSET 0 LIMIT 100
2026-06-13 22:20:23,635 | INFO | [DATABASE_LAYER] | ENDPOINT_CALL | GET /buses/ - skip: 0, limit: 100
2026-06-13 22:20:23,636 | INFO | [DATABASE_LAYER] | SQL_QUERY | SELECT buses OFFSET 0 LIMIT 100
2026-06-13 22:20:23,652 | INFO | [L4_TRANSPORT] | SEGMENT_COMPLETE | Total RTT (Processing): 68.65ms | Status: 200
2026-06-13 22:20:23,655 | INFO | [L4_TRANSPORT] | SEGMENT_COMPLETE | Total RTT (Processing): 46.34ms | Status: 200
2026-06-13 22:20:23,657 | INFO | [L7_APPLICATION] | API_REQUEST_IN | Method: GET | Path: /api/v1/bicycles/
2026-06-13 22:20:23,659 | INFO | [L6_PRESENTATION] | DE-ENCAPSULATION | Received Data PDU (Size: 0 bytes)
2026-06-13 22:20:23,665 | INFO | [L4_TRANSPORT] | SEGMENT_COMPLETE | Total RTT (Processing): 65.85ms | Status: 200
2026-06-13 22:20:23,667 | INFO | [DATABASE_LAYER] | ENDPOINT_CALL | GET /bicycles/ - skip: 0, limit: 100
2026-06-13 22:20:23,669 | INFO | [DATABASE_LAYER] | SQL_QUERY | SELECT bicycles OFFSET 0 LIMIT 100
2026-06-13 22:20:23,673 | INFO | [L4_TRANSPORT] | SEGMENT_COMPLETE | Total RTT (Processing): 68.58ms | Status: 200
2026-06-13 22:20:23,702 | INFO | [L7_APPLICATION] | API_REQUEST_IN | Method: GET | Path: /api/v1/buses/
2026-06-13 22:20:23,703 | INFO | [L6_PRESENTATION] | DE-ENCAPSULATION | Received Data PDU (Size: 0 bytes)
2026-06-13 22:20:23,712 | INFO | [DATABASE_LAYER] | ENDPOINT_CALL | GET /buses/ - skip: 0, limit: 100
2026-06-13 22:20:23,715 | INFO | [DATABASE_LAYER] | SQL_QUERY | SELECT buses OFFSET 0 LIMIT 100
2026-06-13 22:20:23,720 | INFO | [L7_APPLICATION] | API_REQUEST_IN | Method: GET | Path: /api/v1/drivers/
2026-06-13 22:20:23,723 | INFO | [L6_PRESENTATION] | DE-ENCAPSULATION | Received Data PDU (Size: 0 bytes)
2026-06-13 22:20:23,727 | INFO | [L7_APPLICATION] | API_REQUEST_IN | Method: GET | Path: /api/v1/students/
2026-06-13 22:20:23,730 | INFO | [L6_PRESENTATION] | DE-ENCAPSULATION | Received Data PDU (Size: 0 bytes)
2026-06-13 22:20:23,751 | INFO | [DATABASE_LAYER] | ENDPOINT_CALL | GET /drivers/ - skip: 0, limit: 100
2026-06-13 22:20:23,752 | INFO | [DATABASE_LAYER] | SQL_QUERY | SELECT drivers OFFSET 0 LIMIT 100
2026-06-13 22:20:23,759 | INFO | [DATABASE_LAYER] | ENDPOINT_CALL | GET /students/ - skip: 0, limit: 100
2026-06-13 22:20:23,763 | INFO | [DATABASE_LAYER] | SQL_QUERY | SELECT students OFFSET 0 LIMIT 100
2026-06-13 22:20:23,774 | INFO | [L4_TRANSPORT] | SEGMENT_COMPLETE | Total RTT (Processing): 116.18ms | Status: 200
2026-06-13 22:20:23,788 | INFO | [L7_APPLICATION] | API_REQUEST_IN | Method: GET | Path: /api/v1/taxis/
2026-06-13 22:20:23,794 | INFO | [L6_PRESENTATION] | DE-ENCAPSULATION | Received Data PDU (Size: 0 bytes)
2026-06-13 22:20:23,807 | INFO | [DATABASE_LAYER] | ENDPOINT_CALL | GET /taxis/ - skip: 0, limit: 100
2026-06-13 22:20:23,814 | INFO | [DATABASE_LAYER] | SQL_QUERY | SELECT taxis OFFSET 0 LIMIT 100
2026-06-13 22:20:23,825 | INFO | [L7_APPLICATION] | API_REQUEST_IN | Method: GET | Path: /api/v1/bicycles/
2026-06-13 22:20:23,830 | INFO | [L6_PRESENTATION] | DE-ENCAPSULATION | Received Data PDU (Size: 0 bytes)
2026-06-13 22:20:23,834 | INFO | [DATABASE_LAYER] | ENDPOINT_CALL | GET /bicycles/ - skip: 0, limit: 100
2026-06-13 22:20:23,836 | INFO | [DATABASE_LAYER] | SQL_QUERY | SELECT bicycles OFFSET 0 LIMIT 100
2026-06-13 22:20:23,851 | INFO | [L4_TRANSPORT] | SEGMENT_COMPLETE | Total RTT (Processing): 124.15ms | Status: 200
2026-06-13 22:20:23,864 | INFO | [L4_TRANSPORT] | SEGMENT_COMPLETE | Total RTT (Processing): 144.09ms | Status: 200
2026-06-13 22:20:23,874 | INFO | [L4_TRANSPORT] | SEGMENT_COMPLETE | Total RTT (Processing): 171.33ms | Status: 200
2026-06-13 22:20:23,880 | INFO | [L4_TRANSPORT] | SEGMENT_COMPLETE | Total RTT (Processing): 90.34ms | Status: 200
2026-06-13 22:20:23,902 | INFO | [L4_TRANSPORT] | SEGMENT_COMPLETE | Total RTT (Processing): 77.04ms | Status: 200
2026-06-13 22:20:32,918 | INFO | [L7_APPLICATION] | API_REQUEST_IN | Method: GET | Path: /api/v1/students/
2026-06-13 22:20:32,919 | INFO | [L6_PRESENTATION] | DE-ENCAPSULATION | Received Data PDU (Size: 0 bytes)
2026-06-13 22:20:32,921 | INFO | [DATABASE_LAYER] | ENDPOINT_CALL | GET /students/ - skip: 0, limit: 100
2026-06-13 22:20:32,921 | INFO | [DATABASE_LAYER] | SQL_QUERY | SELECT students OFFSET 0 LIMIT 100
2026-06-13 22:20:32,931 | INFO | [L7_APPLICATION] | API_REQUEST_IN | Method: GET | Path: /api/v1/bicycles/
2026-06-13 22:20:32,932 | INFO | [L6_PRESENTATION] | DE-ENCAPSULATION | Received Data PDU (Size: 0 bytes)
2026-06-13 22:20:32,934 | INFO | [L7_APPLICATION] | API_REQUEST_IN | Method: GET | Path: /api/v1/drivers/
2026-06-13 22:20:32,936 | INFO | [L6_PRESENTATION] | DE-ENCAPSULATION | Received Data PDU (Size: 0 bytes)
2026-06-13 22:20:32,937 | INFO | [L7_APPLICATION] | API_REQUEST_IN | Method: GET | Path: /api/v1/taxis/
2026-06-13 22:20:32,937 | INFO | [L6_PRESENTATION] | DE-ENCAPSULATION | Received Data PDU (Size: 0 bytes)
2026-06-13 22:20:32,938 | INFO | [L7_APPLICATION] | API_REQUEST_IN | Method: GET | Path: /api/v1/buses/
2026-06-13 22:20:32,940 | INFO | [L6_PRESENTATION] | DE-ENCAPSULATION | Received Data PDU (Size: 0 bytes)
2026-06-13 22:20:32,942 | INFO | [DATABASE_LAYER] | ENDPOINT_CALL | GET /bicycles/ - skip: 0, limit: 100
2026-06-13 22:20:32,944 | INFO | [DATABASE_LAYER] | SQL_QUERY | SELECT bicycles OFFSET 0 LIMIT 100
2026-06-13 22:20:32,945 | INFO | [DATABASE_LAYER] | ENDPOINT_CALL | GET /drivers/ - skip: 0, limit: 100
2026-06-13 22:20:32,945 | INFO | [DATABASE_LAYER] | SQL_QUERY | SELECT drivers OFFSET 0 LIMIT 100
2026-06-13 22:20:32,945 | INFO | [DATABASE_LAYER] | ENDPOINT_CALL | GET /taxis/ - skip: 0, limit: 100
2026-06-13 22:20:32,945 | INFO | [DATABASE_LAYER] | SQL_QUERY | SELECT taxis OFFSET 0 LIMIT 100
2026-06-13 22:20:32,945 | INFO | [DATABASE_LAYER] | ENDPOINT_CALL | GET /buses/ - skip: 0, limit: 100
2026-06-13 22:20:32,945 | INFO | [DATABASE_LAYER] | SQL_QUERY | SELECT buses OFFSET 0 LIMIT 100
2026-06-13 22:20:32,962 | INFO | [L4_TRANSPORT] | SEGMENT_COMPLETE | Total RTT (Processing): 43.56ms | Status: 200
2026-06-13 22:20:32,970 | INFO | [L4_TRANSPORT] | SEGMENT_COMPLETE | Total RTT (Processing): 36.48ms | Status: 200
2026-06-13 22:20:32,970 | INFO | [L4_TRANSPORT] | SEGMENT_COMPLETE | Total RTT (Processing): 31.86ms | Status: 200
2026-06-13 22:20:32,975 | INFO | [L4_TRANSPORT] | SEGMENT_COMPLETE | Total RTT (Processing): 43.76ms | Status: 200
2026-06-13 22:20:32,977 | INFO | [L4_TRANSPORT] | SEGMENT_COMPLETE | Total RTT (Processing): 40.24ms | Status: 200
2026-06-13 22:20:32,989 | INFO | [L7_APPLICATION] | API_REQUEST_IN | Method: GET | Path: /api/v1/students/
2026-06-13 22:20:32,990 | INFO | [L6_PRESENTATION] | DE-ENCAPSULATION | Received Data PDU (Size: 0 bytes)
2026-06-13 22:20:32,995 | INFO | [DATABASE_LAYER] | ENDPOINT_CALL | GET /students/ - skip: 0, limit: 100
2026-06-13 22:20:32,996 | INFO | [DATABASE_LAYER] | SQL_QUERY | SELECT students OFFSET 0 LIMIT 100
2026-06-13 22:20:33,001 | INFO | [L7_APPLICATION] | API_REQUEST_IN | Method: GET | Path: /api/v1/drivers/
2026-06-13 22:20:33,004 | INFO | [L6_PRESENTATION] | DE-ENCAPSULATION | Received Data PDU (Size: 0 bytes)
2026-06-13 22:20:33,017 | INFO | [DATABASE_LAYER] | ENDPOINT_CALL | GET /drivers/ - skip: 0, limit: 100
2026-06-13 22:20:33,018 | INFO | [DATABASE_LAYER] | SQL_QUERY | SELECT drivers OFFSET 0 LIMIT 100
2026-06-13 22:20:33,022 | INFO | [L7_APPLICATION] | API_REQUEST_IN | Method: GET | Path: /api/v1/buses/
2026-06-13 22:20:33,022 | INFO | [L6_PRESENTATION] | DE-ENCAPSULATION | Received Data PDU (Size: 0 bytes)
2026-06-13 22:20:33,029 | INFO | [L7_APPLICATION] | API_REQUEST_IN | Method: GET | Path: /api/v1/bicycles/
2026-06-13 22:20:33,029 | INFO | [L6_PRESENTATION] | DE-ENCAPSULATION | Received Data PDU (Size: 0 bytes)
2026-06-13 22:20:33,038 | INFO | [DATABASE_LAYER] | ENDPOINT_CALL | GET /buses/ - skip: 0, limit: 100
2026-06-13 22:20:33,038 | INFO | [DATABASE_LAYER] | SQL_QUERY | SELECT buses OFFSET 0 LIMIT 100
2026-06-13 22:20:33,040 | INFO | [DATABASE_LAYER] | ENDPOINT_CALL | GET /bicycles/ - skip: 0, limit: 100
2026-06-13 22:20:33,042 | INFO | [DATABASE_LAYER] | SQL_QUERY | SELECT bicycles OFFSET 0 LIMIT 100
2026-06-13 22:20:33,045 | INFO | [L7_APPLICATION] | API_REQUEST_IN | Method: GET | Path: /api/v1/taxis/
2026-06-13 22:20:33,046 | INFO | [L6_PRESENTATION] | DE-ENCAPSULATION | Received Data PDU (Size: 0 bytes)
2026-06-13 22:20:33,050 | INFO | [DATABASE_LAYER] | ENDPOINT_CALL | GET /taxis/ - skip: 0, limit: 100
2026-06-13 22:20:33,050 | INFO | [DATABASE_LAYER] | SQL_QUERY | SELECT taxis OFFSET 0 LIMIT 100
2026-06-13 22:20:33,057 | INFO | [L4_TRANSPORT] | SEGMENT_COMPLETE | Total RTT (Processing): 69.78ms | Status: 200
2026-06-13 22:20:33,065 | INFO | [L4_TRANSPORT] | SEGMENT_COMPLETE | Total RTT (Processing): 64.40ms | Status: 200
2026-06-13 22:20:33,069 | INFO | [L4_TRANSPORT] | SEGMENT_COMPLETE | Total RTT (Processing): 39.53ms | Status: 200
2026-06-13 22:20:33,074 | INFO | [L4_TRANSPORT] | SEGMENT_COMPLETE | Total RTT (Processing): 52.11ms | Status: 200
2026-06-13 22:20:33,080 | INFO | [L4_TRANSPORT] | SEGMENT_COMPLETE | Total RTT (Processing): 34.29ms | Status: 200
2026-06-13 22:42:44,366 | INFO | [L7_APPLICATION] | API_REQUEST_IN | Method: GET | Path: /api/v1/students/
2026-06-13 22:42:44,368 | INFO | [L6_PRESENTATION] | DE-ENCAPSULATION | Received Data PDU (Size: 0 bytes)
2026-06-13 22:42:44,372 | INFO | [DATABASE_LAYER] | ENDPOINT_CALL | GET /students/ - skip: 0, limit: 100
2026-06-13 22:42:44,372 | INFO | [DATABASE_LAYER] | SQL_QUERY | SELECT students OFFSET 0 LIMIT 100
2026-06-13 22:42:44,376 | INFO | [L7_APPLICATION] | API_REQUEST_IN | Method: GET | Path: /api/v1/buses/
2026-06-13 22:42:44,378 | INFO | [L6_PRESENTATION] | DE-ENCAPSULATION | Received Data PDU (Size: 0 bytes)
2026-06-13 22:42:44,378 | INFO | [L7_APPLICATION] | API_REQUEST_IN | Method: GET | Path: /api/v1/drivers/
2026-06-13 22:42:44,378 | INFO | [L6_PRESENTATION] | DE-ENCAPSULATION | Received Data PDU (Size: 0 bytes)
2026-06-13 22:42:44,385 | INFO | [DATABASE_LAYER] | ENDPOINT_CALL | GET /buses/ - skip: 0, limit: 100
2026-06-13 22:42:44,385 | INFO | [DATABASE_LAYER] | SQL_QUERY | SELECT buses OFFSET 0 LIMIT 100
2026-06-13 22:42:44,390 | INFO | [DATABASE_LAYER] | ENDPOINT_CALL | GET /drivers/ - skip: 0, limit: 100
2026-06-13 22:42:44,392 | INFO | [DATABASE_LAYER] | SQL_QUERY | SELECT drivers OFFSET 0 LIMIT 100
2026-06-13 22:42:44,394 | INFO | [L7_APPLICATION] | API_REQUEST_IN | Method: GET | Path: /api/v1/bicycles/
2026-06-13 22:42:44,394 | INFO | [L6_PRESENTATION] | DE-ENCAPSULATION | Received Data PDU (Size: 0 bytes)
2026-06-13 22:42:44,394 | INFO | [L7_APPLICATION] | API_REQUEST_IN | Method: GET | Path: /api/v1/taxis/
2026-06-13 22:42:44,402 | INFO | [L6_PRESENTATION] | DE-ENCAPSULATION | Received Data PDU (Size: 0 bytes)
2026-06-13 22:42:44,405 | INFO | [DATABASE_LAYER] | ENDPOINT_CALL | GET /bicycles/ - skip: 0, limit: 100
2026-06-13 22:42:44,406 | INFO | [DATABASE_LAYER] | SQL_QUERY | SELECT bicycles OFFSET 0 LIMIT 100
2026-06-13 22:42:44,408 | INFO | [DATABASE_LAYER] | ENDPOINT_CALL | GET /taxis/ - skip: 0, limit: 100
2026-06-13 22:42:44,408 | INFO | [DATABASE_LAYER] | SQL_QUERY | SELECT taxis OFFSET 0 LIMIT 100
2026-06-13 22:42:44,408 | INFO | [L4_TRANSPORT] | SEGMENT_COMPLETE | Total RTT (Processing): 42.40ms | Status: 200
2026-06-13 22:42:44,408 | INFO | [L4_TRANSPORT] | SEGMENT_COMPLETE | Total RTT (Processing): 31.61ms | Status: 200
2026-06-13 22:42:44,420 | INFO | [L4_TRANSPORT] | SEGMENT_COMPLETE | Total RTT (Processing): 41.07ms | Status: 200
2026-06-13 22:42:44,422 | INFO | [L4_TRANSPORT] | SEGMENT_COMPLETE | Total RTT (Processing): 27.88ms | Status: 200
2026-06-13 22:42:44,424 | INFO | [L4_TRANSPORT] | SEGMENT_COMPLETE | Total RTT (Processing): 29.91ms | Status: 200
2026-06-13 22:42:44,436 | INFO | [L7_APPLICATION] | API_REQUEST_IN | Method: GET | Path: /api/v1/drivers/
2026-06-13 22:42:44,436 | INFO | [L6_PRESENTATION] | DE-ENCAPSULATION | Received Data PDU (Size: 0 bytes)
2026-06-13 22:42:44,436 | INFO | [L7_APPLICATION] | API_REQUEST_IN | Method: GET | Path: /api/v1/buses/
2026-06-13 22:42:44,436 | INFO | [L6_PRESENTATION] | DE-ENCAPSULATION | Received Data PDU (Size: 0 bytes)
2026-06-13 22:42:44,445 | INFO | [DATABASE_LAYER] | ENDPOINT_CALL | GET /drivers/ - skip: 0, limit: 100
2026-06-13 22:42:44,445 | INFO | [DATABASE_LAYER] | SQL_QUERY | SELECT drivers OFFSET 0 LIMIT 100
2026-06-13 22:42:44,453 | INFO | [DATABASE_LAYER] | ENDPOINT_CALL | GET /buses/ - skip: 0, limit: 100
2026-06-13 22:42:44,454 | INFO | [DATABASE_LAYER] | SQL_QUERY | SELECT buses OFFSET 0 LIMIT 100
2026-06-13 22:42:44,458 | INFO | [L7_APPLICATION] | API_REQUEST_IN | Method: GET | Path: /api/v1/students/
2026-06-13 22:42:44,460 | INFO | [L6_PRESENTATION] | DE-ENCAPSULATION | Received Data PDU (Size: 0 bytes)
2026-06-13 22:42:44,464 | INFO | [DATABASE_LAYER] | ENDPOINT_CALL | GET /students/ - skip: 0, limit: 100
2026-06-13 22:42:44,466 | INFO | [DATABASE_LAYER] | SQL_QUERY | SELECT students OFFSET 0 LIMIT 100
2026-06-13 22:42:44,470 | INFO | [L7_APPLICATION] | API_REQUEST_IN | Method: GET | Path: /api/v1/bicycles/
2026-06-13 22:42:44,471 | INFO | [L6_PRESENTATION] | DE-ENCAPSULATION | Received Data PDU (Size: 0 bytes)
2026-06-13 22:42:44,473 | INFO | [L7_APPLICATION] | API_REQUEST_IN | Method: GET | Path: /api/v1/taxis/
2026-06-13 22:42:44,474 | INFO | [L6_PRESENTATION] | DE-ENCAPSULATION | Received Data PDU (Size: 0 bytes)
2026-06-13 22:42:44,476 | INFO | [DATABASE_LAYER] | ENDPOINT_CALL | GET /bicycles/ - skip: 0, limit: 100
2026-06-13 22:42:44,476 | INFO | [DATABASE_LAYER] | SQL_QUERY | SELECT bicycles OFFSET 0 LIMIT 100
2026-06-13 22:42:44,480 | INFO | [DATABASE_LAYER] | ENDPOINT_CALL | GET /taxis/ - skip: 0, limit: 100
2026-06-13 22:42:44,480 | INFO | [DATABASE_LAYER] | SQL_QUERY | SELECT taxis OFFSET 0 LIMIT 100
2026-06-13 22:42:44,492 | INFO | [L4_TRANSPORT] | SEGMENT_COMPLETE | Total RTT (Processing): 56.37ms | Status: 200
2026-06-13 22:42:44,499 | INFO | [L4_TRANSPORT] | SEGMENT_COMPLETE | Total RTT (Processing): 63.05ms | Status: 200
2026-06-13 22:42:44,501 | INFO | [L4_TRANSPORT] | SEGMENT_COMPLETE | Total RTT (Processing): 43.39ms | Status: 200
2026-06-13 22:42:44,508 | INFO | [L4_TRANSPORT] | SEGMENT_COMPLETE | Total RTT (Processing): 37.95ms | Status: 200
2026-06-13 22:42:44,517 | INFO | [L4_TRANSPORT] | SEGMENT_COMPLETE | Total RTT (Processing): 43.57ms | Status: 200
2026-06-13 23:12:16,724 | INFO | [L7_APPLICATION] | API_REQUEST_IN | Method: GET | Path: /api/v1/students/
2026-06-13 23:12:16,724 | INFO | [L6_PRESENTATION] | DE-ENCAPSULATION | Received Data PDU (Size: 0 bytes)
2026-06-13 23:12:16,726 | INFO | [DATABASE_LAYER] | ENDPOINT_CALL | GET /students/ - skip: 0, limit: 100
2026-06-13 23:12:16,726 | INFO | [DATABASE_LAYER] | SQL_QUERY | SELECT students OFFSET 0 LIMIT 100
2026-06-13 23:12:16,726 | INFO | [L7_APPLICATION] | API_REQUEST_IN | Method: GET | Path: /api/v1/drivers/
2026-06-13 23:12:16,726 | INFO | [L6_PRESENTATION] | DE-ENCAPSULATION | Received Data PDU (Size: 0 bytes)
2026-06-13 23:12:16,738 | INFO | [DATABASE_LAYER] | ENDPOINT_CALL | GET /drivers/ - skip: 0, limit: 100
2026-06-13 23:12:16,739 | INFO | [DATABASE_LAYER] | SQL_QUERY | SELECT drivers OFFSET 0 LIMIT 100
2026-06-13 23:12:16,745 | INFO | [L7_APPLICATION] | API_REQUEST_IN | Method: GET | Path: /api/v1/taxis/
2026-06-13 23:12:16,746 | INFO | [L6_PRESENTATION] | DE-ENCAPSULATION | Received Data PDU (Size: 0 bytes)
2026-06-13 23:12:16,747 | INFO | [L7_APPLICATION] | API_REQUEST_IN | Method: GET | Path: /api/v1/bicycles/
2026-06-13 23:12:16,748 | INFO | [L6_PRESENTATION] | DE-ENCAPSULATION | Received Data PDU (Size: 0 bytes)
2026-06-13 23:12:16,750 | INFO | [L7_APPLICATION] | API_REQUEST_IN | Method: GET | Path: /api/v1/buses/
2026-06-13 23:12:16,752 | INFO | [L6_PRESENTATION] | DE-ENCAPSULATION | Received Data PDU (Size: 0 bytes)
2026-06-13 23:12:16,757 | INFO | [DATABASE_LAYER] | ENDPOINT_CALL | GET /taxis/ - skip: 0, limit: 100
2026-06-13 23:12:16,759 | INFO | [DATABASE_LAYER] | SQL_QUERY | SELECT taxis OFFSET 0 LIMIT 100
2026-06-13 23:12:16,763 | INFO | [DATABASE_LAYER] | ENDPOINT_CALL | GET /bicycles/ - skip: 0, limit: 100
2026-06-13 23:12:16,763 | INFO | [DATABASE_LAYER] | SQL_QUERY | SELECT bicycles OFFSET 0 LIMIT 100
2026-06-13 23:12:16,763 | INFO | [DATABASE_LAYER] | ENDPOINT_CALL | GET /buses/ - skip: 0, limit: 100
2026-06-13 23:12:16,763 | INFO | [DATABASE_LAYER] | SQL_QUERY | SELECT buses OFFSET 0 LIMIT 100
2026-06-13 23:12:16,771 | INFO | [L4_TRANSPORT] | SEGMENT_COMPLETE | Total RTT (Processing): 46.71ms | Status: 200
2026-06-13 23:12:16,782 | INFO | [L4_TRANSPORT] | SEGMENT_COMPLETE | Total RTT (Processing): 56.25ms | Status: 200
2026-06-13 23:12:16,788 | INFO | [L4_TRANSPORT] | SEGMENT_COMPLETE | Total RTT (Processing): 38.21ms | Status: 200
2026-06-13 23:12:16,789 | INFO | [L4_TRANSPORT] | SEGMENT_COMPLETE | Total RTT (Processing): 42.22ms | Status: 200
2026-06-13 23:12:16,805 | INFO | [L7_APPLICATION] | API_REQUEST_IN | Method: GET | Path: /api/v1/drivers/
2026-06-13 23:12:16,805 | INFO | [L6_PRESENTATION] | DE-ENCAPSULATION | Received Data PDU (Size: 0 bytes)
2026-06-13 23:12:16,810 | INFO | [DATABASE_LAYER] | ENDPOINT_CALL | GET /drivers/ - skip: 0, limit: 100
2026-06-13 23:12:16,811 | INFO | [DATABASE_LAYER] | SQL_QUERY | SELECT drivers OFFSET 0 LIMIT 100
2026-06-13 23:12:16,813 | INFO | [L4_TRANSPORT] | SEGMENT_COMPLETE | Total RTT (Processing): 68.46ms | Status: 200
2026-06-13 23:12:16,815 | INFO | [L7_APPLICATION] | API_REQUEST_IN | Method: GET | Path: /api/v1/students/
2026-06-13 23:12:16,816 | INFO | [L6_PRESENTATION] | DE-ENCAPSULATION | Received Data PDU (Size: 0 bytes)
2026-06-13 23:12:16,818 | INFO | [DATABASE_LAYER] | ENDPOINT_CALL | GET /students/ - skip: 0, limit: 100
2026-06-13 23:12:16,819 | INFO | [DATABASE_LAYER] | SQL_QUERY | SELECT students OFFSET 0 LIMIT 100
2026-06-13 23:12:16,822 | INFO | [L7_APPLICATION] | API_REQUEST_IN | Method: GET | Path: /api/v1/buses/
2026-06-13 23:12:16,824 | INFO | [L6_PRESENTATION] | DE-ENCAPSULATION | Received Data PDU (Size: 0 bytes)
2026-06-13 23:12:16,833 | INFO | [DATABASE_LAYER] | ENDPOINT_CALL | GET /buses/ - skip: 0, limit: 100
2026-06-13 23:12:16,834 | INFO | [DATABASE_LAYER] | SQL_QUERY | SELECT buses OFFSET 0 LIMIT 100
2026-06-13 23:12:16,838 | INFO | [L7_APPLICATION] | API_REQUEST_IN | Method: GET | Path: /api/v1/bicycles/
2026-06-13 23:12:16,839 | INFO | [L6_PRESENTATION] | DE-ENCAPSULATION | Received Data PDU (Size: 0 bytes)
2026-06-13 23:12:16,845 | INFO | [DATABASE_LAYER] | ENDPOINT_CALL | GET /bicycles/ - skip: 0, limit: 100
2026-06-13 23:12:16,847 | INFO | [DATABASE_LAYER] | SQL_QUERY | SELECT bicycles OFFSET 0 LIMIT 100
2026-06-13 23:12:16,851 | INFO | [L7_APPLICATION] | API_REQUEST_IN | Method: GET | Path: /api/v1/taxis/
2026-06-13 23:12:16,852 | INFO | [L6_PRESENTATION] | DE-ENCAPSULATION | Received Data PDU (Size: 0 bytes)
2026-06-13 23:12:16,856 | INFO | [DATABASE_LAYER] | ENDPOINT_CALL | GET /taxis/ - skip: 0, limit: 100
2026-06-13 23:12:16,858 | INFO | [DATABASE_LAYER] | SQL_QUERY | SELECT taxis OFFSET 0 LIMIT 100
2026-06-13 23:12:16,858 | INFO | [L4_TRANSPORT] | SEGMENT_COMPLETE | Total RTT (Processing): 53.71ms | Status: 200
2026-06-13 23:12:16,858 | INFO | [L4_TRANSPORT] | SEGMENT_COMPLETE | Total RTT (Processing): 43.12ms | Status: 200
2026-06-13 23:12:16,858 | INFO | [L4_TRANSPORT] | SEGMENT_COMPLETE | Total RTT (Processing): 36.13ms | Status: 200
2026-06-13 23:12:16,876 | INFO | [L4_TRANSPORT] | SEGMENT_COMPLETE | Total RTT (Processing): 37.84ms | Status: 200
2026-06-13 23:12:16,879 | INFO | [L4_TRANSPORT] | SEGMENT_COMPLETE | Total RTT (Processing): 27.89ms | Status: 200
2026-06-13 23:36:24,115 | INFO | [L7_APPLICATION] | API_REQUEST_IN | Method: GET | Path: /api/v1/students/
2026-06-13 23:36:24,115 | INFO | [L6_PRESENTATION] | DE-ENCAPSULATION | Received Data PDU (Size: 0 bytes)
2026-06-13 23:36:24,119 | INFO | [DATABASE_LAYER] | ENDPOINT_CALL | GET /students/ - skip: 0, limit: 100
2026-06-13 23:36:24,121 | INFO | [DATABASE_LAYER] | SQL_QUERY | SELECT students OFFSET 0 LIMIT 100
2026-06-13 23:36:24,124 | INFO | [L7_APPLICATION] | API_REQUEST_IN | Method: GET | Path: /api/v1/drivers/
2026-06-13 23:36:24,127 | INFO | [L6_PRESENTATION] | DE-ENCAPSULATION | Received Data PDU (Size: 0 bytes)
2026-06-13 23:36:24,130 | INFO | [L7_APPLICATION] | API_REQUEST_IN | Method: GET | Path: /api/v1/buses/
2026-06-13 23:36:24,132 | INFO | [L6_PRESENTATION] | DE-ENCAPSULATION | Received Data PDU (Size: 0 bytes)
2026-06-13 23:36:24,132 | INFO | [DATABASE_LAYER] | ENDPOINT_CALL | GET /drivers/ - skip: 0, limit: 100
2026-06-13 23:36:24,132 | INFO | [DATABASE_LAYER] | SQL_QUERY | SELECT drivers OFFSET 0 LIMIT 100
2026-06-13 23:36:24,137 | INFO | [DATABASE_LAYER] | ENDPOINT_CALL | GET /buses/ - skip: 0, limit: 100
2026-06-13 23:36:24,140 | INFO | [DATABASE_LAYER] | SQL_QUERY | SELECT buses OFFSET 0 LIMIT 100
2026-06-13 23:36:24,140 | INFO | [L7_APPLICATION] | API_REQUEST_IN | Method: GET | Path: /api/v1/bicycles/
2026-06-13 23:36:24,140 | INFO | [L6_PRESENTATION] | DE-ENCAPSULATION | Received Data PDU (Size: 0 bytes)
2026-06-13 23:36:24,145 | INFO | [L7_APPLICATION] | API_REQUEST_IN | Method: GET | Path: /api/v1/taxis/
2026-06-13 23:36:24,146 | INFO | [L6_PRESENTATION] | DE-ENCAPSULATION | Received Data PDU (Size: 0 bytes)
2026-06-13 23:36:24,148 | INFO | [DATABASE_LAYER] | ENDPOINT_CALL | GET /bicycles/ - skip: 0, limit: 100
2026-06-13 23:36:24,149 | INFO | [DATABASE_LAYER] | SQL_QUERY | SELECT bicycles OFFSET 0 LIMIT 100
2026-06-13 23:36:24,152 | INFO | [DATABASE_LAYER] | ENDPOINT_CALL | GET /taxis/ - skip: 0, limit: 100
2026-06-13 23:36:24,154 | INFO | [DATABASE_LAYER] | SQL_QUERY | SELECT taxis OFFSET 0 LIMIT 100
2026-06-13 23:36:24,158 | INFO | [L4_TRANSPORT] | SEGMENT_COMPLETE | Total RTT (Processing): 44.33ms | Status: 200
2026-06-13 23:36:24,161 | INFO | [L4_TRANSPORT] | SEGMENT_COMPLETE | Total RTT (Processing): 37.01ms | Status: 200
2026-06-13 23:36:24,163 | INFO | [L4_TRANSPORT] | SEGMENT_COMPLETE | Total RTT (Processing): 32.89ms | Status: 200
2026-06-13 23:36:24,164 | INFO | [L4_TRANSPORT] | SEGMENT_COMPLETE | Total RTT (Processing): 19.62ms | Status: 200
2026-06-13 23:36:24,169 | INFO | [L4_TRANSPORT] | SEGMENT_COMPLETE | Total RTT (Processing): 28.58ms | Status: 200
2026-06-13 23:36:24,186 | INFO | [L7_APPLICATION] | API_REQUEST_IN | Method: GET | Path: /api/v1/buses/
2026-06-13 23:36:24,187 | INFO | [L6_PRESENTATION] | DE-ENCAPSULATION | Received Data PDU (Size: 0 bytes)
2026-06-13 23:36:24,189 | INFO | [L7_APPLICATION] | API_REQUEST_IN | Method: GET | Path: /api/v1/drivers/
2026-06-13 23:36:24,191 | INFO | [L6_PRESENTATION] | DE-ENCAPSULATION | Received Data PDU (Size: 0 bytes)
2026-06-13 23:36:24,195 | INFO | [DATABASE_LAYER] | ENDPOINT_CALL | GET /buses/ - skip: 0, limit: 100
2026-06-13 23:36:24,195 | INFO | [DATABASE_LAYER] | SQL_QUERY | SELECT buses OFFSET 0 LIMIT 100
2026-06-13 23:36:24,198 | INFO | [DATABASE_LAYER] | ENDPOINT_CALL | GET /drivers/ - skip: 0, limit: 100
2026-06-13 23:36:24,199 | INFO | [DATABASE_LAYER] | SQL_QUERY | SELECT drivers OFFSET 0 LIMIT 100
2026-06-13 23:36:24,200 | INFO | [L7_APPLICATION] | API_REQUEST_IN | Method: GET | Path: /api/v1/students/
2026-06-13 23:36:24,201 | INFO | [L6_PRESENTATION] | DE-ENCAPSULATION | Received Data PDU (Size: 0 bytes)
2026-06-13 23:36:24,202 | INFO | [L7_APPLICATION] | API_REQUEST_IN | Method: GET | Path: /api/v1/taxis/
2026-06-13 23:36:24,203 | INFO | [L6_PRESENTATION] | DE-ENCAPSULATION | Received Data PDU (Size: 0 bytes)
2026-06-13 23:36:24,203 | INFO | [L7_APPLICATION] | API_REQUEST_IN | Method: GET | Path: /api/v1/bicycles/
2026-06-13 23:36:24,206 | INFO | [L6_PRESENTATION] | DE-ENCAPSULATION | Received Data PDU (Size: 0 bytes)
2026-06-13 23:36:24,209 | INFO | [DATABASE_LAYER] | ENDPOINT_CALL | GET /students/ - skip: 0, limit: 100
2026-06-13 23:36:24,209 | INFO | [DATABASE_LAYER] | SQL_QUERY | SELECT students OFFSET 0 LIMIT 100
2026-06-13 23:36:24,212 | INFO | [DATABASE_LAYER] | ENDPOINT_CALL | GET /taxis/ - skip: 0, limit: 100
2026-06-13 23:36:24,215 | INFO | [DATABASE_LAYER] | SQL_QUERY | SELECT taxis OFFSET 0 LIMIT 100
2026-06-13 23:36:24,407 | INFO | [DATABASE_LAYER] | ENDPOINT_CALL | GET /bicycles/ - skip: 0, limit: 100
2026-06-13 23:36:24,407 | INFO | [DATABASE_LAYER] | SQL_QUERY | SELECT bicycles OFFSET 0 LIMIT 100
2026-06-13 23:36:24,417 | INFO | [L4_TRANSPORT] | SEGMENT_COMPLETE | Total RTT (Processing): 214.35ms | Status: 200
2026-06-13 23:36:24,417 | INFO | [L4_TRANSPORT] | SEGMENT_COMPLETE | Total RTT (Processing): 227.98ms | Status: 200
2026-06-13 23:36:24,417 | INFO | [L4_TRANSPORT] | SEGMENT_COMPLETE | Total RTT (Processing): 216.33ms | Status: 200
2026-06-13 23:36:24,417 | INFO | [L4_TRANSPORT] | SEGMENT_COMPLETE | Total RTT (Processing): 213.14ms | Status: 200
2026-06-13 23:36:24,437 | INFO | [L4_TRANSPORT] | SEGMENT_COMPLETE | Total RTT (Processing): 251.24ms | Status: 200
